step,_step,loss,_runtime,_timestamp,zero/return,random/return,expert/return,noisy/return,random/ep_lengths,noisy/ep_lengths,laggy/ep_lengths,zero/ep_lengths,laggy/return,expert/ep_lengths,expert/return_mean,noisy/ep_len_mean,random/ep_len_mean,laggy/ep_len_mean,expert/ep_len_mean,random/return_mean,laggy/return_mean,zero/return_mean,noisy/return_mean,zero/ep_len_mean,diff_naive_actor/return,assisted-noisy/return_mean,assisted-noisy/ep_lengths,diff_naive_actor/ep_lengths,assisted-expert/return,assisted-noisy/return,diff_actor/return,diff_actor/ep_lengths,assisted-expert/ep_lengths,assisted-noisy/ep_len_mean,assisted-expert/return_mean,diff_actor/ep_len_mean,diff_naive_actor/return_mean,assisted-expert/ep_len_mean,diff_actor/return_mean,diff_naive_actor/ep_len_mean
0,0,1.105448842048645,4.380545139312744,1777582732.4138732,,,,,,,,,,,,,,,,,,,,,,,,,,,,,,,,,,,,
0,1,,39.51378417015076,1777582767.5471122,"{'_type': 'histogram', 'packedBins': {'count': 64, 'min': -0.06231848825808533, 'size': 0.0011912367630537457}, 'values': [1, 0, 0, 0, 0, 0, 0, 0, 0, 0, 0, 1, 0, 0, 0, 0, 0, 0, 0, 0, 0, 0, 0, 0, 1, 0, 0, 0, 1, 0, 0, 0, 0, 1, 0, 1, 0, 2, 0, 2, 0, 1, 1, 2, 0, 1, 1, 2, 0, 0, 0, 0, 0, 0, 0, 0, 0, 0, 1, 0, 0, 0, 0, 1]}","{'_type': 'histogram', 'packedBins': {'size': 1.5886121063083523, 'count': 64, 'min': -48.778993525743594}, 'values': [1, 0, 0, 0, 1, 0, 0, 0, 0, 0, 0, 0, 0, 0, 1, 1, 0, 0, 0, 0, 0, 0, 0, 0, 0, 0, 1, 1, 0, 3, 0, 2, 4, 0, 2, 1, 0, 0, 0, 0, 0, 0, 0, 0, 0, 0, 0, 0, 0, 0, 0, 0, 0, 0, 1, 0, 0, 0, 0, 0, 0, 0, 0, 1]}","{'_type': 'histogram', 'packedBins': {'size': 2.7697501329713403, 'count': 64, 'min': 140.52801764003377}, 'values': [1, 0, 0, 0, 0, 0, 0, 0, 0, 0, 0, 0, 0, 0, 0, 0, 0, 0, 0, 0, 0, 0, 0, 0, 0, 0, 0, 0, 0, 0, 0, 0, 0, 0, 0, 0, 0, 0, 0, 0, 0, 0, 0, 0, 0, 0, 0, 0, 0, 0, 0, 0, 0, 1, 1, 3, 3, 2, 2, 2, 3, 0, 1, 1]}","{'_type': 'histogram', 'packedBins': {'min': 50.84960756038855, 'size': 4.541143510519051, 'count': 64}, 'values': [1, 0, 1, 0, 0, 1, 0, 0, 0, 0, 0, 0, 1, 0, 0, 0, 0, 0, 0, 0, 0, 0, 0, 0, 0, 0, 0, 0, 0, 1, 0, 0, 0, 0, 0, 0, 0, 0, 0, 0, 0, 0, 0, 0, 0, 0, 0, 0, 0, 0, 2, 0, 1, 0, 3, 2, 6, 0, 0, 0, 0, 0, 0, 1]}","{'_type': 'histogram', 'packedBins': {'min': 99.5, 'size': 0.015625, 'count': 64}, 'values': [0, 0, 0, 0, 0, 0, 0, 0, 0, 0, 0, 0, 0, 0, 0, 0, 0, 0, 0, 0, 0, 0, 0, 0, 0, 0, 0, 0, 0, 0, 0, 0, 20, 0, 0, 0, 0, 0, 0, 0, 0, 0, 0, 0, 0, 0, 0, 0, 0, 0, 0, 0, 0, 0, 0, 0, 0, 0, 0, 0, 0, 0, 0, 0]}","{'_type': 'histogram', 'packedBins': {'size': 1.421875, 'count': 64, 'min': 9}, 'values': [1, 0, 1, 0, 0, 0, 0, 0, 2, 0, 0, 0, 0, 0, 0, 0, 0, 0, 0, 0, 3, 1, 0, 1, 0, 0, 0, 0, 0, 0, 0, 0, 0, 0, 0, 0, 0, 0, 0, 0, 1, 0, 0, 0, 0, 2, 0, 0, 0, 0, 0, 0, 3, 0, 0, 0, 0, 0, 0, 0, 0, 0, 0, 5]}","{'_type': 'histogram', 'packedBins': {'min': 7, 'size': 1.453125, 'count': 64}, 'values': [1, 0, 0, 1, 3, 0, 0, 1, 0, 0, 0, 1, 0, 0, 0, 0, 2, 1, 0, 0, 1, 0, 0, 0, 1, 0, 0, 0, 0, 0, 0, 0, 0, 0, 0, 0, 0, 0, 0, 0, 0, 0, 0, 0, 0, 0, 0, 0, 0, 0, 0, 0, 0, 0, 0, 0, 0, 0, 0, 0, 0, 0, 0, 8]}","{'_type': 'histogram', 'packedBins': {'count': 64, 'min': 99.5, 'size': 0.015625}, 'values': [0, 0, 0, 0, 0, 0, 0, 0, 0, 0, 0, 0, 0, 0, 0, 0, 0, 0, 0, 0, 0, 0, 0, 0, 0, 0, 0, 0, 0, 0, 0, 0, 20, 0, 0, 0, 0, 0, 0, 0, 0, 0, 0, 0, 0, 0, 0, 0, 0, 0, 0, 0, 0, 0, 0, 0, 0, 0, 0, 0, 0, 0, 0, 0]}","{'packedBins': {'min': -6.771914170280197, 'size': 5.784317082142184, 'count': 64}, 'values': [1, 1, 0, 0, 0, 0, 0, 0, 0, 1, 1, 0, 0, 0, 0, 0, 0, 0, 2, 0, 0, 0, 1, 0, 0, 0, 0, 0, 0, 1, 0, 0, 0, 0, 0, 0, 0, 0, 0, 0, 0, 0, 0, 0, 0, 0, 0, 1, 0, 0, 0, 4, 1, 1, 1, 1, 0, 1, 1, 0, 0, 0, 0, 1], '_type': 'histogram'}","{'values': [13, 0, 3, 0, 1, 0, 1, 0, 1, 0, 0, 0, 0, 0, 0, 0, 0, 0, 0, 0, 0, 0, 0, 0, 0, 0, 0, 0, 0, 0, 0, 0, 0, 0, 0, 0, 0, 0, 0, 0, 0, 0, 0, 0, 0, 0, 0, 0, 0, 0, 0, 0, 0, 0, 0, 0, 0, 0, 0, 0, 0, 0, 0, 1], '_type': 'histogram', 'packedBins': {'min': 8, 'size': 1.4375, 'count': 64}}",293.16462896325686,61.1,100.0,53.8,14.95,-1.7931969073872094,213.24303413077638,-0.016572823150325714,250.560146442716,100.0,,,,,,,,,,,,,,,,
0,2,,174.88204526901245,1777582902.9153733,,,,,,,,,,,,,,,,,,,,,"{'values': [1, 0, 0, 0, 0, 0, 0, 0, 0, 0, 0, 0, 0, 0, 0, 0, 0, 0, 0, 0, 0, 0, 0, 0, 0, 0, 0, 0, 1, 0, 0, 0, 1, 0, 0, 1, 0, 0, 0, 0, 1, 1, 0, 1, 0, 1, 3, 1, 1, 2, 2, 0, 1, 0, 0, 0, 0, 0, 0, 0, 1, 0, 0, 1], '_type': 'histogram', 'packedBins': {'size': 5.734720431191073, 'count': 64, 'min': -292.3582754540104}}",-37.583085789618984,"{'_type': 'histogram', 'packedBins': {'min': 53, 'size': 0.734375, 'count': 64}, 'values': [1, 0, 0, 0, 0, 0, 0, 0, 0, 0, 0, 0, 0, 0, 0, 0, 0, 0, 0, 0, 0, 0, 0, 0, 0, 0, 0, 0, 0, 0, 0, 0, 0, 0, 0, 0, 0, 0, 0, 0, 0, 0, 0, 0, 0, 0, 0, 0, 0, 0, 0, 0, 0, 0, 0, 0, 0, 0, 0, 0, 0, 0, 0, 19]}","{'packedBins': {'min': 99.5, 'size': 0.015625, 'count': 64}, 'values': [0, 0, 0, 0, 0, 0, 0, 0, 0, 0, 0, 0, 0, 0, 0, 0, 0, 0, 0, 0, 0, 0, 0, 0, 0, 0, 0, 0, 0, 0, 0, 0, 20, 0, 0, 0, 0, 0, 0, 0, 0, 0, 0, 0, 0, 0, 0, 0, 0, 0, 0, 0, 0, 0, 0, 0, 0, 0, 0, 0, 0, 0, 0, 0], '_type': 'histogram'}","{'values': [1, 0, 0, 0, 0, 0, 0, 0, 1, 0, 0, 0, 0, 1, 0, 0, 1, 0, 0, 0, 1, 0, 0, 0, 0, 1, 1, 0, 1, 1, 0, 0, 1, 1, 0, 2, 0, 1, 1, 1, 0, 1, 0, 0, 0, 0, 2, 0, 0, 0, 0, 0, 0, 0, 0, 0, 0, 0, 0, 0, 0, 0, 0, 1], '_type': 'histogram', 'packedBins': {'size': 7.7451256810223, 'count': 64, 'min': -295.9396926535579}}","{'_type': 'histogram', 'packedBins': {'min': -238.5621434175071, 'size': 6.975824466878539, 'count': 64}, 'values': [1, 0, 0, 0, 0, 1, 0, 0, 0, 0, 0, 0, 0, 0, 0, 0, 0, 1, 2, 0, 1, 1, 0, 0, 1, 1, 1, 0, 0, 0, 0, 2, 0, 1, 1, 0, 1, 0, 1, 1, 0, 0, 1, 0, 1, 0, 0, 0, 0, 0, 0, 0, 0, 0, 0, 0, 0, 0, 0, 0, 0, 0, 0, 1]}","{'_type': 'histogram', 'packedBins': {'count': 64, 'min': -1054.5456314011562, 'size': 17.044248260971347}, 'values': [1, 0, 0, 0, 0, 0, 0, 0, 0, 0, 0, 0, 0, 0, 0, 0, 0, 0, 0, 0, 0, 0, 0, 0, 0, 0, 0, 0, 0, 0, 0, 0, 0, 0, 0, 0, 0, 0, 1, 0, 0, 0, 0, 1, 1, 0, 0, 0, 0, 0, 0, 0, 1, 3, 0, 0, 0, 3, 1, 0, 0, 4, 2, 2]}","{'_type': 'histogram', 'packedBins': {'min': 99.5, 'size': 0.015625, 'count': 64}, 'values': [0, 0, 0, 0, 0, 0, 0, 0, 0, 0, 0, 0, 0, 0, 0, 0, 0, 0, 0, 0, 0, 0, 0, 0, 0, 0, 0, 0, 0, 0, 0, 0, 20, 0, 0, 0, 0, 0, 0, 0, 0, 0, 0, 0, 0, 0, 0, 0, 0, 0, 0, 0, 0, 0, 0, 0, 0, 0, 0, 0, 0, 0, 0, 0]}","{'_type': 'histogram', 'packedBins': {'min': 16, 'size': 1.3125, 'count': 64}, 'values': [1, 0, 0, 0, 0, 0, 0, 0, 0, 0, 0, 0, 0, 0, 0, 0, 0, 0, 0, 0, 0, 0, 0, 0, 0, 0, 0, 0, 0, 0, 0, 0, 0, 0, 0, 0, 0, 0, 0, 0, 0, 0, 0, 0, 0, 0, 0, 0, 0, 0, 0, 0, 0, 0, 0, 0, 0, 0, 0, 0, 0, 0, 0, 19]}",97.65,-55.90620012318535,100.0,-39.87163256389288,95.8,-143.31931540189356,100.0
100,3,0.9753417748212815,187.6444923877716,1777582915.6778204,,,,,,,,,,,,,,,,,,,,,,,,,,,,,,,,,,,,
200,4,0.8517477643489838,201.5815625190735,1777582929.6148906,,,,,,,,,,,,,,,,,,,,,,,,,,,,,,,,,,,,
300,5,0.8452409434318543,218.30589652061462,1777582946.3392246,,,,,,,,,,,,,,,,,,,,,,,,,,,,,,,,,,,,
400,6,0.8443678522109985,231.12195110321045,1777582959.1552792,,,,,,,,,,,,,,,,,,,,,,,,,,,,,,,,,,,,
500,7,0.8424648529291153,245.27022290229797,1777582973.303551,,,,,,,,,,,,,,,,,,,,,,,,,,,,,,,,,,,,
600,8,0.8416321247816085,258.52746319770813,1777582986.5607913,,,,,,,,,,,,,,,,,,,,,,,,,,,,,,,,,,,,
700,9,0.8401628822088242,281.6264417171478,1777583009.6597698,,,,,,,,,,,,,,,,,,,,,,,,,,,,,,,,,,,,
800,10,0.8374528610706329,304.1689763069153,1777583032.2023044,,,,,,,,,,,,,,,,,,,,,,,,,,,,,,,,,,,,
900,11,0.8343019735813141,324.4399642944336,1777583052.4732924,,,,,,,,,,,,,,,,,,,,,,,,,,,,,,,,,,,,
1000,12,0.8331787860393525,344.13457107543945,1777583072.1678991,,,,,,,,,,,,,,,,,,,,,,,,,,,,,,,,,,,,
1100,13,0.8306403744220734,361.02204728126526,1777583089.0553753,,,,,,,,,,,,,,,,,,,,,,,,,,,,,,,,,,,,
1200,14,0.8307071274518967,374.82056307792664,1777583102.8538911,,,,,,,,,,,,,,,,,,,,,,,,,,,,,,,,,,,,
1300,15,0.8282345175743103,387.82977056503296,1777583115.8630986,,,,,,,,,,,,,,,,,,,,,,,,,,,,,,,,,,,,
1400,16,0.8282311779260635,400.2677192687988,1777583128.3010473,,,,,,,,,,,,,,,,,,,,,,,,,,,,,,,,,,,,
1500,17,0.8290262222290039,412.8847563266754,1777583140.9180844,,,,,,,,,,,,,,,,,,,,,,,,,,,,,,,,,,,,
1600,18,0.8280916726589203,425.81999373435974,1777583153.8533218,,,,,,,,,,,,,,,,,,,,,,,,,,,,,,,,,,,,
1700,19,0.8258033365011215,436.14401268959045,1777583164.1773407,,,,,,,,,,,,,,,,,,,,,,,,,,,,,,,,,,,,
1800,20,0.8266780984401703,449.32579493522644,1777583177.359123,,,,,,,,,,,,,,,,,,,,,,,,,,,,,,,,,,,,
1900,21,0.8252437627315521,462.03188252449036,1777583190.0652106,,,,,,,,,,,,,,,,,,,,,,,,,,,,,,,,,,,,
2000,22,0.8241892123222351,474.2515721321106,1777583202.2849002,,,,,,,,,,,,,,,,,,,,,,,,,,,,,,,,,,,,
2000,23,,629.7729578018188,1777583357.8062859,,,,,,,,,,,,,,,,,,,,,"{'values': [1, 0, 0, 0, 0, 0, 0, 0, 0, 2, 0, 0, 0, 0, 0, 1, 1, 1, 1, 2, 0, 1, 1, 0, 0, 0, 2, 1, 4, 1, 0, 0, 0, 0, 0, 0, 0, 0, 0, 0, 0, 0, 0, 0, 0, 0, 0, 0, 0, 0, 0, 0, 0, 0, 0, 0, 0, 0, 0, 0, 0, 0, 0, 1], '_type': 'histogram', 'packedBins': {'size': 5.32980869665373, 'count': 64, 'min': -45.08651466301638}}",55.76397604286514,"{'_type': 'histogram', 'packedBins': {'min': 18, 'size': 1.28125, 'count': 64}, 'values': [1, 0, 0, 0, 0, 0, 0, 0, 0, 0, 0, 0, 0, 0, 0, 0, 0, 0, 0, 0, 0, 0, 0, 0, 0, 0, 0, 0, 0, 0, 0, 0, 0, 0, 0, 0, 0, 0, 0, 0, 0, 0, 0, 0, 0, 0, 0, 0, 0, 0, 0, 0, 0, 0, 0, 0, 0, 0, 0, 0, 0, 0, 0, 19]}","{'packedBins': {'min': 9, 'size': 1.421875, 'count': 64}, 'values': [1, 0, 0, 0, 0, 0, 0, 0, 0, 0, 0, 0, 0, 0, 0, 0, 0, 0, 0, 0, 0, 0, 0, 0, 0, 0, 0, 0, 0, 0, 0, 0, 0, 0, 0, 0, 0, 0, 0, 0, 0, 0, 0, 0, 0, 0, 0, 0, 0, 0, 0, 0, 0, 0, 0, 0, 0, 0, 0, 0, 0, 0, 0, 19], '_type': 'histogram'}","{'_type': 'histogram', 'packedBins': {'min': -78.60571692054424, 'size': 5.9480790392383, 'count': 64}, 'values': [1, 0, 0, 0, 0, 0, 0, 0, 0, 0, 2, 0, 0, 2, 0, 0, 1, 0, 0, 1, 0, 0, 1, 0, 0, 1, 1, 0, 1, 1, 4, 0, 0, 0, 0, 0, 0, 0, 0, 0, 0, 0, 0, 0, 0, 0, 0, 0, 0, 0, 0, 0, 0, 0, 0, 0, 0, 0, 0, 0, 0, 2, 0, 2]}","{'_type': 'histogram', 'packedBins': {'size': 3.1240121029379626, 'count': 64, 'min': -98.42564563704596}, 'values': [1, 0, 0, 0, 0, 0, 0, 0, 0, 0, 0, 0, 0, 0, 0, 0, 0, 0, 0, 0, 1, 1, 0, 0, 0, 0, 0, 0, 0, 0, 0, 0, 1, 0, 0, 0, 1, 0, 0, 0, 0, 0, 0, 0, 0, 0, 1, 0, 0, 0, 1, 0, 0, 1, 0, 0, 2, 0, 0, 4, 2, 2, 0, 2]}","{'_type': 'histogram', 'packedBins': {'count': 64, 'min': -53.26329725005691, 'size': 5.502895823850469}, 'values': [1, 0, 0, 0, 0, 0, 0, 0, 0, 0, 0, 0, 0, 1, 1, 1, 0, 0, 1, 0, 1, 0, 0, 0, 0, 4, 0, 4, 2, 1, 1, 0, 0, 0, 0, 0, 0, 0, 0, 0, 0, 0, 0, 0, 0, 0, 0, 0, 0, 0, 0, 0, 0, 0, 0, 0, 0, 0, 0, 0, 0, 0, 1, 1]}","{'_type': 'histogram', 'packedBins': {'size': 1.4375, 'count': 64, 'min': 8}, 'values': [1, 1, 0, 0, 1, 0, 0, 0, 0, 0, 0, 0, 0, 0, 0, 0, 0, 0, 0, 0, 0, 0, 0, 0, 0, 0, 0, 0, 0, 0, 0, 0, 0, 0, 0, 0, 0, 0, 0, 0, 0, 0, 0, 0, 0, 0, 0, 0, 0, 0, 0, 0, 0, 0, 0, 0, 0, 0, 0, 0, 0, 0, 0, 17]}","{'packedBins': {'count': 64, 'min': 8, 'size': 1.4375}, 'values': [3, 1, 0, 0, 0, 0, 0, 0, 0, 0, 0, 0, 0, 0, 0, 0, 0, 0, 0, 0, 0, 0, 1, 0, 0, 0, 0, 0, 0, 0, 0, 0, 0, 0, 0, 0, 0, 0, 0, 0, 0, 0, 0, 0, 0, 0, 0, 0, 0, 0, 0, 0, 0, 0, 0, 0, 0, 0, 0, 0, 0, 0, 0, 15], '_type': 'histogram'}",95.9,96.34526143322395,86.6,77.07689723703211,78.8,94.68480318302255,95.45
2100,24,0.8241361635923385,643.5059032440186,1777583371.5392313,,,,,,,,,,,,,,,,,,,,,,,,,,,,,,,,,,,,
2200,25,0.8238101047277451,655.6799194812775,1777583383.7132475,,,,,,,,,,,,,,,,,,,,,,,,,,,,,,,,,,,,
2300,26,0.8222533929347992,667.9721360206604,1777583396.005464,,,,,,,,,,,,,,,,,,,,,,,,,,,,,,,,,,,,
2400,27,0.822405064702034,681.8922386169434,1777583409.9255667,,,,,,,,,,,,,,,,,,,,,,,,,,,,,,,,,,,,
2500,28,0.8247045558691025,696.5458476543427,1777583424.5791757,,,,,,,,,,,,,,,,,,,,,,,,,,,,,,,,,,,,
2600,29,0.8243899726867676,708.9593515396118,1777583436.9926796,,,,,,,,,,,,,,,,,,,,,,,,,,,,,,,,,,,,
2700,30,0.8220636254549026,727.7067799568176,1777583455.740108,,,,,,,,,,,,,,,,,,,,,,,,,,,,,,,,,,,,
2800,31,0.8229541921615601,743.2690074443817,1777583471.3023355,,,,,,,,,,,,,,,,,,,,,,,,,,,,,,,,,,,,
2900,32,0.823526611328125,757.9229140281677,1777583485.956242,,,,,,,,,,,,,,,,,,,,,,,,,,,,,,,,,,,,
3000,33,0.8210258513689042,769.1428687572479,1777583497.1761968,,,,,,,,,,,,,,,,,,,,,,,,,,,,,,,,,,,,
3100,34,0.8218021750450134,782.4930965900421,1777583510.5264246,,,,,,,,,,,,,,,,,,,,,,,,,,,,,,,,,,,,
3200,35,0.8215084946155549,794.0247435569763,1777583522.0580716,,,,,,,,,,,,,,,,,,,,,,,,,,,,,,,,,,,,
3300,36,0.8211975061893463,808.6158692836761,1777583536.6491973,,,,,,,,,,,,,,,,,,,,,,,,,,,,,,,,,,,,
3400,37,0.8203686004877091,821.2108764648438,1777583549.2442045,,,,,,,,,,,,,,,,,,,,,,,,,,,,,,,,,,,,
3500,38,0.8204032391309738,834.5618255138397,1777583562.5951536,,,,,,,,,,,,,,,,,,,,,,,,,,,,,,,,,,,,
3600,39,0.8206336796283722,851.5238401889801,1777583579.5571682,,,,,,,,,,,,,,,,,,,,,,,,,,,,,,,,,,,,
3700,40,0.8198883140087128,876.2519471645355,1777583604.2852752,,,,,,,,,,,,,,,,,,,,,,,,,,,,,,,,,,,,
3800,41,0.8202815628051758,888.116354227066,1777583616.1496823,,,,,,,,,,,,,,,,,,,,,,,,,,,,,,,,,,,,
3900,42,0.8209506112337113,907.2148053646088,1777583635.2481334,,,,,,,,,,,,,,,,,,,,,,,,,,,,,,,,,,,,
4000,43,0.8206023681163788,924.1911396980286,1777583652.2244678,,,,,,,,,,,,,,,,,,,,,,,,,,,,,,,,,,,,
4000,44,,1067.3728501796722,1777583795.4061782,,,,,,,,,,,,,,,,,,,,,"{'_type': 'histogram', 'packedBins': {'min': -85.97589169067187, 'size': 6.113665134137528, 'count': 64}, 'values': [1, 0, 0, 0, 0, 0, 0, 0, 0, 0, 0, 0, 0, 0, 0, 0, 0, 0, 0, 0, 0, 0, 0, 1, 0, 1, 3, 3, 1, 2, 5, 0, 1, 0, 0, 0, 0, 0, 0, 0, 0, 0, 0, 0, 0, 0, 0, 0, 0, 0, 0, 0, 0, 0, 0, 0, 0, 0, 0, 0, 0, 0, 1, 1]}",108.43997699942338,"{'values': [4, 0, 1, 0, 0, 1, 0, 0, 0, 0, 0, 0, 0, 0, 0, 0, 0, 0, 0, 0, 0, 0, 0, 0, 0, 0, 0, 0, 0, 0, 0, 0, 0, 0, 0, 0, 0, 0, 0, 0, 0, 0, 0, 0, 0, 0, 0, 0, 0, 0, 0, 0, 0, 0, 0, 0, 0, 0, 0, 0, 0, 0, 0, 14], '_type': 'histogram', 'packedBins': {'count': 64, 'min': 9, 'size': 1.421875}}","{'_type': 'histogram', 'packedBins': {'min': 11, 'size': 1.390625, 'count': 64}, 'values': [1, 0, 1, 0, 0, 0, 0, 0, 0, 0, 0, 0, 0, 0, 0, 0, 0, 0, 0, 0, 0, 0, 0, 0, 0, 1, 0, 0, 0, 0, 0, 0, 0, 0, 0, 0, 0, 0, 0, 0, 0, 0, 0, 0, 0, 0, 0, 0, 0, 0, 0, 0, 0, 0, 0, 0, 0, 0, 0, 0, 0, 0, 0, 17]}","{'packedBins': {'min': -35.82984877214452, 'size': 5.347406964049455, 'count': 64}, 'values': [3, 0, 0, 1, 0, 1, 1, 0, 0, 0, 0, 0, 0, 0, 0, 1, 1, 1, 0, 2, 1, 0, 1, 1, 0, 3, 1, 0, 0, 0, 0, 0, 0, 0, 0, 0, 0, 0, 0, 0, 0, 0, 0, 0, 0, 0, 0, 0, 0, 0, 0, 0, 0, 0, 0, 0, 0, 0, 0, 0, 1, 0, 0, 1], '_type': 'histogram'}","{'_type': 'histogram', 'packedBins': {'min': -148.08313029504555, 'size': 7.1046337458418485, 'count': 64}, 'values': [1, 0, 0, 0, 0, 0, 0, 0, 0, 0, 1, 0, 0, 0, 0, 0, 0, 0, 1, 0, 0, 1, 0, 1, 0, 0, 1, 0, 0, 0, 0, 2, 0, 2, 3, 2, 0, 0, 0, 0, 0, 0, 0, 0, 0, 0, 0, 0, 0, 0, 0, 0, 0, 0, 0, 0, 0, 0, 0, 0, 0, 0, 2, 3]}","{'_type': 'histogram', 'packedBins': {'min': -69.32424906267734, 'size': 5.895902638322165, 'count': 64}, 'values': [1, 0, 0, 0, 0, 0, 1, 1, 0, 0, 0, 0, 1, 2, 0, 0, 0, 0, 0, 0, 0, 1, 0, 1, 1, 0, 0, 3, 2, 3, 0, 0, 0, 0, 0, 0, 0, 0, 0, 0, 0, 0, 0, 0, 0, 0, 0, 0, 0, 0, 0, 0, 0, 0, 0, 0, 0, 0, 0, 0, 0, 0, 1, 2]}","{'packedBins': {'min': 8, 'size': 1.4375, 'count': 64}, 'values': [2, 0, 1, 0, 0, 0, 0, 0, 0, 1, 0, 0, 0, 0, 0, 0, 0, 0, 0, 0, 0, 0, 0, 0, 0, 0, 0, 0, 0, 0, 0, 0, 0, 0, 0, 0, 0, 0, 0, 0, 0, 0, 0, 0, 0, 0, 0, 0, 0, 0, 0, 0, 0, 0, 0, 0, 0, 0, 0, 0, 0, 0, 0, 16], '_type': 'histogram'}","{'_type': 'histogram', 'packedBins': {'size': 1.4375, 'count': 64, 'min': 8}, 'values': [2, 1, 0, 0, 0, 0, 1, 0, 0, 0, 0, 0, 0, 0, 0, 0, 0, 0, 0, 0, 0, 0, 0, 0, 0, 0, 0, 0, 0, 0, 0, 0, 0, 0, 0, 0, 0, 0, 0, 0, 0, 0, 0, 0, 0, 0, 0, 0, 0, 0, 0, 0, 0, 0, 0, 0, 0, 0, 0, 0, 0, 0, 0, 16]}",73.3,70.803374288414,82.45,100.44903445845341,82.2,90.14465773796415,88.55
4100,45,0.8202808171510696,1081.853993654251,1777583809.8873217,,,,,,,,,,,,,,,,,,,,,,,,,,,,,,,,,,,,
4200,46,0.8200539737939835,1094.2159280776978,1777583822.2492561,,,,,,,,,,,,,,,,,,,,,,,,,,,,,,,,,,,,
4300,47,0.8190125322341919,1107.1759448051453,1777583835.2092729,,,,,,,,,,,,,,,,,,,,,,,,,,,,,,,,,,,,
4400,48,0.8194002294540406,1123.4120240211487,1777583851.445352,,,,,,,,,,,,,,,,,,,,,,,,,,,,,,,,,,,,
4500,49,0.8198150420188903,1138.5938370227814,1777583866.627165,,,,,,,,,,,,,,,,,,,,,,,,,,,,,,,,,,,,
4600,50,0.819715392589569,1154.8259646892548,1777583882.8592927,,,,,,,,,,,,,,,,,,,,,,,,,,,,,,,,,,,,
4700,51,0.819710886478424,1168.5689146518707,1777583896.6022427,,,,,,,,,,,,,,,,,,,,,,,,,,,,,,,,,,,,
4800,52,0.8191302752494812,1181.124074459076,1777583909.1574025,,,,,,,,,,,,,,,,,,,,,,,,,,,,,,,,,,,,
4900,53,0.818811783194542,1201.6838083267212,1777583929.7171364,,,,,,,,,,,,,,,,,,,,,,,,,,,,,,,,,,,,
5000,54,0.8188569003343582,1220.2806689739227,1777583948.313997,,,,,,,,,,,,,,,,,,,,,,,,,,,,,,,,,,,,
5100,55,0.8185183948278427,1231.6181998252869,1777583959.651528,,,,,,,,,,,,,,,,,,,,,,,,,,,,,,,,,,,,
5200,56,0.8190852963924408,1245.2823333740234,1777583973.3156614,,,,,,,,,,,,,,,,,,,,,,,,,,,,,,,,,,,,
5300,57,0.8179763078689575,1262.8690013885498,1777583990.9023294,,,,,,,,,,,,,,,,,,,,,,,,,,,,,,,,,,,,
5400,58,0.8179921543598175,1278.5602135658264,1777584006.5935416,,,,,,,,,,,,,,,,,,,,,,,,,,,,,,,,,,,,
5500,59,0.8181360334157943,1296.0404453277588,1777584024.0737734,,,,,,,,,,,,,,,,,,,,,,,,,,,,,,,,,,,,
5600,60,0.8176286709308624,1310.8936500549316,1777584038.926978,,,,,,,,,,,,,,,,,,,,,,,,,,,,,,,,,,,,
5700,61,0.8169930410385132,1323.7940275669098,1777584051.8273556,,,,,,,,,,,,,,,,,,,,,,,,,,,,,,,,,,,,
5800,62,0.8180257946252822,1338.3719856739044,1777584066.4053137,,,,,,,,,,,,,,,,,,,,,,,,,,,,,,,,,,,,
5900,63,0.8183915042877197,1352.155328989029,1777584080.188657,,,,,,,,,,,,,,,,,,,,,,,,,,,,,,,,,,,,
6000,64,0.8176070606708526,1365.7384233474731,1777584093.7717514,,,,,,,,,,,,,,,,,,,,,,,,,,,,,,,,,,,,
6000,65,,1541.0604960918427,1777584269.0938241,,,,,,,,,,,,,,,,,,,,,"{'values': [1, 0, 1, 0, 0, 0, 0, 0, 0, 0, 1, 0, 0, 0, 1, 0, 0, 0, 1, 1, 0, 0, 4, 5, 0, 1, 1, 0, 0, 0, 0, 0, 0, 0, 0, 0, 0, 0, 0, 0, 0, 0, 0, 0, 0, 0, 0, 0, 0, 0, 0, 0, 0, 0, 0, 0, 0, 0, 0, 0, 0, 0, 2, 1], '_type': 'histogram', 'packedBins': {'min': -17.530836886066123, 'size': 5.049592118797636, 'count': 64}}",140.86138176057582,"{'values': [4, 1, 1, 0, 0, 0, 1, 0, 0, 0, 0, 0, 0, 0, 0, 0, 0, 0, 0, 0, 0, 0, 0, 0, 0, 0, 0, 0, 0, 0, 0, 0, 0, 0, 0, 0, 0, 0, 0, 0, 0, 0, 0, 0, 0, 0, 0, 0, 0, 0, 0, 0, 0, 0, 0, 0, 0, 0, 0, 0, 0, 0, 0, 13], '_type': 'histogram', 'packedBins': {'min': 9, 'size': 1.421875, 'count': 64}}","{'_type': 'histogram', 'packedBins': {'min': 9, 'size': 1.421875, 'count': 64}, 'values': [2, 0, 1, 1, 0, 0, 0, 0, 0, 0, 0, 0, 0, 0, 0, 0, 0, 0, 0, 0, 0, 0, 0, 0, 0, 0, 0, 0, 0, 0, 0, 0, 0, 0, 0, 0, 0, 0, 0, 0, 0, 0, 0, 0, 0, 0, 0, 0, 0, 0, 0, 0, 0, 0, 0, 0, 0, 0, 0, 0, 0, 0, 0, 16]}","{'values': [3, 0, 0, 1, 0, 0, 0, 0, 0, 0, 0, 2, 0, 0, 0, 0, 1, 0, 0, 0, 0, 0, 1, 2, 3, 2, 1, 0, 0, 0, 0, 0, 0, 0, 0, 0, 0, 0, 0, 0, 0, 0, 0, 0, 0, 0, 0, 0, 0, 0, 0, 0, 0, 0, 0, 0, 0, 0, 0, 0, 0, 0, 1, 3], '_type': 'histogram', 'packedBins': {'min': -43.5512134695482, 'size': 5.418694934445786, 'count': 64}}","{'_type': 'histogram', 'packedBins': {'min': -30.10152279969213, 'size': 5.249102705370091, 'count': 64}, 'values': [1, 0, 0, 0, 0, 0, 0, 0, 0, 0, 0, 2, 0, 1, 0, 0, 0, 0, 0, 0, 3, 0, 1, 0, 3, 1, 1, 0, 1, 0, 0, 0, 0, 0, 0, 0, 0, 0, 0, 0, 0, 0, 0, 0, 0, 0, 0, 0, 0, 0, 0, 0, 0, 0, 0, 0, 0, 0, 0, 0, 0, 0, 3, 3]}","{'_type': 'histogram', 'packedBins': {'min': -49.45802215007385, 'size': 5.4018002739942155, 'count': 64}, 'values': [1, 0, 0, 0, 0, 0, 0, 0, 0, 0, 0, 0, 0, 0, 0, 0, 0, 0, 2, 0, 0, 1, 3, 3, 1, 2, 1, 1, 1, 1, 0, 0, 0, 0, 0, 0, 0, 0, 0, 0, 0, 0, 0, 0, 0, 0, 0, 0, 0, 0, 0, 0, 0, 0, 0, 0, 0, 0, 0, 0, 0, 0, 1, 2]}","{'values': [2, 2, 3, 0, 0, 0, 0, 0, 0, 0, 0, 0, 0, 0, 0, 0, 0, 0, 0, 0, 0, 0, 0, 0, 0, 0, 0, 0, 0, 0, 0, 0, 0, 0, 0, 0, 0, 0, 0, 0, 0, 0, 0, 0, 0, 0, 0, 0, 0, 0, 0, 0, 0, 0, 0, 0, 0, 0, 0, 0, 0, 0, 0, 13], '_type': 'histogram', 'packedBins': {'min': 7, 'size': 1.453125, 'count': 64}}","{'packedBins': {'min': 9, 'size': 1.421875, 'count': 64}, 'values': [3, 1, 3, 0, 0, 0, 0, 0, 0, 0, 0, 0, 0, 0, 0, 0, 0, 0, 0, 0, 0, 0, 0, 0, 0, 0, 0, 0, 0, 0, 0, 0, 0, 0, 0, 0, 0, 0, 0, 0, 0, 0, 0, 0, 0, 0, 0, 0, 0, 0, 0, 0, 0, 0, 0, 0, 0, 0, 0, 0, 0, 0, 0, 13], '_type': 'histogram'}",68.95,97.24309826471715,68.2,112.29023217731071,68.85,105.4053017712869,82.3
6100,66,0.818403137922287,1573.5695867538452,1777584301.6029148,,,,,,,,,,,,,,,,,,,,,,,,,,,,,,,,,,,,
6200,67,0.8175716269016265,1588.9256618022919,1777584316.9589899,,,,,,,,,,,,,,,,,,,,,,,,,,,,,,,,,,,,
6300,68,0.816406512260437,1605.9685080051422,1777584334.001836,,,,,,,,,,,,,,,,,,,,,,,,,,,,,,,,,,,,
6400,69,0.8169174242019653,1621.390067100525,1777584349.4233952,,,,,,,,,,,,,,,,,,,,,,,,,,,,,,,,,,,,
6500,70,0.8170360594987869,1634.8870413303375,1777584362.9203694,,,,,,,,,,,,,,,,,,,,,,,,,,,,,,,,,,,,
6600,71,0.817816646695137,1650.2389554977417,1777584378.2722836,,,,,,,,,,,,,,,,,,,,,,,,,,,,,,,,,,,,
6700,72,0.8169763994216919,1663.9242730140686,1777584391.957601,,,,,,,,,,,,,,,,,,,,,,,,,,,,,,,,,,,,
6800,73,0.8161596083641052,1677.2059226036072,1777584405.2392507,,,,,,,,,,,,,,,,,,,,,,,,,,,,,,,,,,,,
6900,74,0.8177514702081681,1691.8903121948242,1777584419.9236403,,,,,,,,,,,,,,,,,,,,,,,,,,,,,,,,,,,,
7000,75,0.8168495482206345,1703.4868376255035,1777584431.5201657,,,,,,,,,,,,,,,,,,,,,,,,,,,,,,,,,,,,
7100,76,0.8158290022611618,1720.7096972465515,1777584448.7430253,,,,,,,,,,,,,,,,,,,,,,,,,,,,,,,,,,,,
7200,77,0.8162034797668457,1738.625960111618,1777584466.6592882,,,,,,,,,,,,,,,,,,,,,,,,,,,,,,,,,,,,
7300,78,0.8150957733392715,1755.0969095230103,1777584483.1302376,,,,,,,,,,,,,,,,,,,,,,,,,,,,,,,,,,,,
7400,79,0.8146020597219468,1772.4478900432587,1777584500.481218,,,,,,,,,,,,,,,,,,,,,,,,,,,,,,,,,,,,
7500,80,0.8159779781103134,1791.4352731704712,1777584519.4686012,,,,,,,,,,,,,,,,,,,,,,,,,,,,,,,,,,,,
7600,81,0.8142056328058243,1807.7517838478088,1777584535.785112,,,,,,,,,,,,,,,,,,,,,,,,,,,,,,,,,,,,
7700,82,0.8153394812345505,1820.7452774047852,1777584548.7786055,,,,,,,,,,,,,,,,,,,,,,,,,,,,,,,,,,,,
7800,83,0.8158699655532837,1831.0904278755188,1777584559.123756,,,,,,,,,,,,,,,,,,,,,,,,,,,,,,,,,,,,
7900,84,0.8145761996507644,1849.7658560276031,1777584577.799184,,,,,,,,,,,,,,,,,,,,,,,,,,,,,,,,,,,,
8000,85,0.8134081709384918,1870.6631345748901,1777584598.6964626,,,,,,,,,,,,,,,,,,,,,,,,,,,,,,,,,,,,
8000,86,,2062.6208415031433,1777584790.6541696,,,,,,,,,,,,,,,,,,,,,"{'_type': 'histogram', 'packedBins': {'size': 4.791376165235017, 'count': 64, 'min': -2.511405068118086}, 'values': [2, 0, 0, 1, 0, 0, 1, 0, 1, 0, 0, 0, 1, 0, 0, 0, 0, 0, 1, 2, 1, 0, 4, 0, 1, 0, 0, 0, 0, 0, 0, 0, 0, 0, 0, 0, 0, 0, 0, 0, 0, 0, 0, 0, 0, 0, 0, 0, 0, 0, 0, 0, 0, 0, 0, 0, 0, 0, 0, 0, 0, 1, 0, 4]}",113.83614175974958,"{'_type': 'histogram', 'packedBins': {'size': 1.421875, 'count': 64, 'min': 9}, 'values': [3, 0, 0, 0, 0, 0, 0, 0, 0, 0, 0, 0, 0, 0, 0, 0, 0, 0, 0, 0, 0, 0, 0, 0, 0, 0, 0, 0, 0, 0, 0, 0, 0, 0, 0, 0, 0, 0, 0, 0, 0, 0, 0, 0, 0, 0, 0, 0, 0, 0, 0, 0, 0, 0, 0, 0, 0, 0, 0, 0, 0, 0, 0, 17]}","{'_type': 'histogram', 'packedBins': {'min': 8, 'size': 1.4375, 'count': 64}, 'values': [4, 1, 1, 0, 0, 0, 0, 0, 0, 0, 0, 0, 0, 0, 0, 0, 0, 0, 0, 0, 0, 0, 0, 0, 0, 0, 0, 0, 0, 0, 0, 0, 0, 0, 0, 0, 0, 0, 0, 0, 0, 0, 0, 0, 0, 0, 0, 0, 0, 0, 0, 0, 0, 0, 0, 0, 0, 0, 0, 0, 0, 0, 0, 14]}","{'values': [1, 0, 1, 0, 0, 0, 0, 0, 0, 0, 0, 0, 1, 0, 0, 2, 1, 1, 1, 2, 2, 3, 0, 1, 0, 0, 0, 0, 0, 0, 0, 0, 0, 0, 0, 0, 0, 0, 0, 0, 0, 0, 0, 0, 0, 0, 0, 0, 0, 0, 0, 0, 0, 0, 0, 1, 1, 1, 0, 0, 0, 0, 0, 1], '_type': 'histogram', 'packedBins': {'min': -8.164924861677108, 'size': 5.3867326702746565, 'count': 64}}","{'packedBins': {'min': -5.588245724149125, 'size': 4.838923621838562, 'count': 64}, 'values': [1, 0, 1, 0, 1, 0, 0, 0, 0, 0, 0, 0, 0, 0, 0, 1, 1, 0, 1, 0, 2, 3, 3, 3, 0, 0, 0, 0, 0, 0, 0, 0, 0, 0, 0, 0, 0, 0, 0, 0, 0, 0, 0, 0, 0, 0, 0, 0, 0, 0, 0, 0, 0, 0, 0, 0, 0, 0, 0, 0, 0, 0, 0, 3], '_type': 'histogram'}","{'_type': 'histogram', 'packedBins': {'count': 64, 'min': 9.069188693931924, 'size': 4.645080192893513}, 'values': [1, 1, 0, 0, 0, 1, 0, 1, 0, 0, 0, 0, 2, 0, 0, 0, 1, 0, 3, 2, 0, 2, 0, 0, 0, 0, 0, 0, 0, 0, 0, 0, 0, 0, 0, 0, 0, 0, 0, 0, 0, 0, 0, 0, 0, 0, 0, 0, 0, 0, 0, 0, 0, 0, 0, 0, 0, 0, 0, 0, 0, 1, 3, 2]}","{'_type': 'histogram', 'packedBins': {'size': 1.421875, 'count': 64, 'min': 9}, 'values': [3, 2, 1, 0, 0, 0, 0, 0, 0, 0, 0, 0, 0, 0, 0, 0, 0, 0, 0, 0, 0, 0, 0, 0, 0, 0, 0, 0, 0, 0, 0, 0, 0, 0, 0, 0, 0, 0, 0, 0, 0, 0, 0, 0, 0, 0, 0, 0, 0, 0, 0, 0, 0, 0, 0, 0, 0, 0, 0, 0, 0, 0, 0, 14]}","{'_type': 'histogram', 'packedBins': {'min': 8, 'size': 1.4375, 'count': 64}, 'values': [3, 0, 0, 0, 0, 0, 1, 0, 0, 0, 1, 0, 0, 0, 0, 0, 0, 0, 0, 0, 0, 0, 0, 0, 0, 0, 0, 0, 0, 0, 0, 0, 0, 0, 0, 0, 0, 0, 0, 0, 0, 0, 0, 0, 0, 0, 0, 0, 0, 0, 0, 0, 0, 0, 0, 0, 0, 0, 0, 0, 0, 0, 0, 15]}",86.4,126.01019809294583,73.15,126.93406151565378,78.3,141.62788611316935,72.8
8100,87,0.8131266236305237,2077.3001890182495,1777584805.333517,,,,,,,,,,,,,,,,,,,,,,,,,,,,,,,,,,,,
8200,88,0.8142618727684021,2092.096939563751,1777584820.1302676,,,,,,,,,,,,,,,,,,,,,,,,,,,,,,,,,,,,
8300,89,0.8147552090883255,2107.878121137619,1777584835.9114492,,,,,,,,,,,,,,,,,,,,,,,,,,,,,,,,,,,,
8400,90,0.8139761024713517,2121.530364751816,1777584849.5636928,,,,,,,,,,,,,,,,,,,,,,,,,,,,,,,,,,,,
8500,91,0.8142316347360611,2133.480798482895,1777584861.5141265,,,,,,,,,,,,,,,,,,,,,,,,,,,,,,,,,,,,
8600,92,0.8150076073408127,2149.6600625514984,1777584877.6933906,,,,,,,,,,,,,,,,,,,,,,,,,,,,,,,,,,,,
8700,93,0.8143708980083466,2169.5584042072296,1777584897.5917323,,,,,,,,,,,,,,,,,,,,,,,,,,,,,,,,,,,,
8800,94,0.8130244541168213,2185.121915578842,1777584913.1552436,,,,,,,,,,,,,,,,,,,,,,,,,,,,,,,,,,,,
8900,95,0.8132622337341309,2200.0668184757233,1777584928.1001465,,,,,,,,,,,,,,,,,,,,,,,,,,,,,,,,,,,,
9000,96,0.8135921961069107,2214.2895998954773,1777584942.322928,,,,,,,,,,,,,,,,,,,,,,,,,,,,,,,,,,,,
9100,97,0.8130147951841354,2230.30495929718,1777584958.3382874,,,,,,,,,,,,,,,,,,,,,,,,,,,,,,,,,,,,
9200,98,0.8127268034219742,2243.908579349518,1777584971.9419074,,,,,,,,,,,,,,,,,,,,,,,,,,,,,,,,,,,,
9300,99,0.8129916518926621,2255.792956829071,1777584983.826285,,,,,,,,,,,,,,,,,,,,,,,,,,,,,,,,,,,,
9400,100,0.812760204076767,2269.5341556072235,1777584997.5674837,,,,,,,,,,,,,,,,,,,,,,,,,,,,,,,,,,,,
9500,101,0.8119089722633361,2284.659027814865,1777585012.6923559,,,,,,,,,,,,,,,,,,,,,,,,,,,,,,,,,,,,
9600,102,0.8123319065570831,2295.405627965927,1777585023.438956,,,,,,,,,,,,,,,,,,,,,,,,,,,,,,,,,,,,
9700,103,0.8127370649576187,2311.828921318054,1777585039.8622494,,,,,,,,,,,,,,,,,,,,,,,,,,,,,,,,,,,,
9800,104,0.8130229306221008,2325.8900821208954,1777585053.9234102,,,,,,,,,,,,,,,,,,,,,,,,,,,,,,,,,,,,
9900,105,0.8146308833360671,2339.3275129795074,1777585067.360841,,,,,,,,,,,,,,,,,,,,,,,,,,,,,,,,,,,,
10000,106,0.8112239056825638,2352.6586213111877,1777585080.6919494,,,,,,,,,,,,,,,,,,,,,,,,,,,,,,,,,,,,
10000,107,,2494.7755329608917,1777585222.808861,,,,,,,,,,,,,,,,,,,,,"{'_type': 'histogram', 'packedBins': {'size': 4.123092168502157, 'count': 64, 'min': 42.176950965544805}, 'values': [2, 0, 1, 0, 0, 1, 0, 1, 2, 0, 0, 1, 2, 0, 2, 3, 1, 1, 0, 0, 1, 0, 0, 0, 0, 0, 0, 0, 0, 0, 0, 0, 0, 0, 0, 0, 0, 0, 0, 0, 0, 0, 0, 0, 0, 0, 0, 0, 0, 0, 0, 0, 0, 0, 0, 0, 0, 0, 0, 0, 0, 0, 0, 2]}",121.86733957715683,"{'_type': 'histogram', 'packedBins': {'size': 1.421875, 'count': 64, 'min': 9}, 'values': [2, 0, 0, 1, 0, 0, 0, 0, 0, 0, 0, 0, 0, 0, 0, 0, 0, 0, 0, 0, 0, 0, 0, 0, 0, 0, 0, 0, 0, 0, 0, 0, 0, 0, 0, 0, 0, 0, 0, 0, 0, 0, 0, 0, 0, 0, 0, 0, 0, 0, 0, 0, 0, 0, 0, 0, 0, 0, 0, 0, 0, 0, 0, 17]}","{'packedBins': {'size': 1.421875, 'count': 64, 'min': 9}, 'values': [4, 0, 1, 0, 0, 0, 0, 0, 0, 0, 0, 0, 0, 0, 0, 0, 0, 0, 0, 0, 0, 0, 0, 0, 0, 0, 0, 0, 0, 0, 0, 0, 0, 0, 0, 0, 0, 0, 0, 0, 0, 0, 0, 0, 0, 0, 0, 0, 0, 0, 0, 0, 0, 0, 0, 0, 0, 0, 0, 0, 0, 0, 0, 15], '_type': 'histogram'}","{'_type': 'histogram', 'packedBins': {'size': 4.317940311171272, 'count': 64, 'min': 27.17338806198959}, 'values': [1, 2, 0, 0, 0, 0, 0, 1, 0, 1, 0, 3, 1, 1, 0, 0, 1, 3, 3, 0, 0, 0, 0, 0, 0, 0, 0, 0, 0, 0, 0, 0, 0, 0, 0, 0, 0, 0, 0, 0, 0, 0, 0, 0, 0, 0, 0, 0, 0, 0, 0, 0, 0, 0, 0, 0, 0, 0, 0, 0, 1, 0, 0, 2]}","{'values': [1, 0, 0, 0, 0, 1, 0, 0, 0, 0, 1, 1, 0, 0, 0, 0, 0, 1, 0, 0, 0, 4, 4, 2, 0, 0, 1, 0, 0, 0, 1, 0, 0, 0, 0, 0, 0, 0, 0, 0, 0, 0, 0, 0, 0, 0, 0, 0, 0, 0, 0, 0, 0, 0, 0, 0, 0, 0, 0, 0, 0, 0, 0, 3], '_type': 'histogram', 'packedBins': {'min': -0.03468204662619434, 'size': 4.724311401028524, 'count': 64}}","{'packedBins': {'min': 58.95243547403032, 'size': 3.864130590347602, 'count': 64}, 'values': [2, 1, 0, 0, 1, 1, 0, 2, 1, 0, 0, 0, 2, 1, 0, 0, 0, 0, 0, 0, 0, 0, 0, 0, 0, 0, 0, 0, 0, 0, 0, 0, 0, 0, 0, 0, 0, 0, 0, 0, 0, 0, 0, 0, 0, 0, 0, 0, 0, 0, 0, 0, 0, 0, 0, 0, 0, 0, 0, 0, 1, 2, 3, 3], '_type': 'histogram'}","{'packedBins': {'min': 8, 'size': 1.4375, 'count': 64}, 'values': [5, 4, 1, 0, 2, 0, 0, 0, 0, 0, 1, 0, 0, 0, 0, 0, 0, 0, 0, 0, 0, 0, 0, 0, 0, 0, 0, 0, 0, 0, 0, 0, 0, 0, 0, 0, 0, 0, 0, 0, 0, 0, 0, 0, 0, 0, 0, 0, 0, 0, 0, 0, 0, 0, 0, 0, 0, 0, 0, 0, 0, 0, 0, 7], '_type': 'histogram'}","{'_type': 'histogram', 'packedBins': {'count': 64, 'min': 9, 'size': 1.421875}, 'values': [2, 1, 1, 0, 0, 0, 0, 0, 0, 0, 0, 0, 0, 0, 0, 0, 0, 0, 0, 0, 0, 0, 0, 0, 0, 0, 0, 0, 0, 0, 0, 0, 0, 0, 0, 0, 0, 0, 0, 0, 0, 0, 0, 0, 0, 0, 0, 0, 0, 0, 0, 0, 0, 0, 0, 0, 0, 0, 0, 0, 0, 0, 0, 16]}",86.65,111.95001386661652,42.3,109.00745335814948,82.1,181.76556625878212,77.55
10100,108,0.8131364184617996,2506.5598483085632,1777585234.5931764,,,,,,,,,,,,,,,,,,,,,,,,,,,,,,,,,,,,
10200,109,0.8121689003705979,2519.4569387435913,1777585247.4902668,,,,,,,,,,,,,,,,,,,,,,,,,,,,,,,,,,,,
10300,110,0.8122007489204407,2531.538587808609,1777585259.5719159,,,,,,,,,,,,,,,,,,,,,,,,,,,,,,,,,,,,
10400,111,0.8128445327281952,2543.4740977287292,1777585271.5074258,,,,,,,,,,,,,,,,,,,,,,,,,,,,,,,,,,,,
10500,112,0.8124710112810135,2555.309917449951,1777585283.3432455,,,,,,,,,,,,,,,,,,,,,,,,,,,,,,,,,,,,
10600,113,0.8121770358085633,2565.810069322586,1777585293.8433974,,,,,,,,,,,,,,,,,,,,,,,,,,,,,,,,,,,,
10700,114,0.8115836030244827,2580.916000843048,1777585308.949329,,,,,,,,,,,,,,,,,,,,,,,,,,,,,,,,,,,,
10800,115,0.8108659344911575,2593.664960384369,1777585321.6982884,,,,,,,,,,,,,,,,,,,,,,,,,,,,,,,,,,,,
10900,116,0.8111144196987152,2606.0950207710266,1777585334.1283488,,,,,,,,,,,,,,,,,,,,,,,,,,,,,,,,,,,,
11000,117,0.810263323187828,2618.758211374283,1777585346.7915394,,,,,,,,,,,,,,,,,,,,,,,,,,,,,,,,,,,,
11100,118,0.8120856654644012,2628.4669439792633,1777585356.500272,,,,,,,,,,,,,,,,,,,,,,,,,,,,,,,,,,,,
11200,119,0.8108670574426651,2640.840953350067,1777585368.8742814,,,,,,,,,,,,,,,,,,,,,,,,,,,,,,,,,,,,
11300,120,0.8113351571559906,2654.375009536743,1777585382.4083376,,,,,,,,,,,,,,,,,,,,,,,,,,,,,,,,,,,,
11400,121,0.8111818307638168,2672.2431292533875,1777585400.2764573,,,,,,,,,,,,,,,,,,,,,,,,,,,,,,,,,,,,
11500,122,0.8122806316614151,2694.4011855125427,1777585422.4345136,,,,,,,,,,,,,,,,,,,,,,,,,,,,,,,,,,,,
11600,123,0.8107227140665054,2713.557952642441,1777585441.5912807,,,,,,,,,,,,,,,,,,,,,,,,,,,,,,,,,,,,
11700,124,0.8103803151845932,2726.700834274292,1777585454.7341623,,,,,,,,,,,,,,,,,,,,,,,,,,,,,,,,,,,,
11800,125,0.8111656564474106,2740.952920436859,1777585468.9862485,,,,,,,,,,,,,,,,,,,,,,,,,,,,,,,,,,,,
11900,126,0.8097372901439667,2753.291536092758,1777585481.3248641,,,,,,,,,,,,,,,,,,,,,,,,,,,,,,,,,,,,
12000,127,0.8110256898403168,2770.624050617218,1777585498.6573787,,,,,,,,,,,,,,,,,,,,,,,,,,,,,,,,,,,,
12000,128,,2919.2880985736847,1777585647.3214266,,,,,,,,,,,,,,,,,,,,,"{'values': [1, 0, 0, 0, 0, 0, 0, 0, 1, 0, 1, 0, 1, 0, 0, 0, 2, 0, 2, 0, 2, 0, 0, 0, 0, 0, 0, 0, 0, 0, 0, 0, 0, 0, 0, 0, 0, 0, 0, 0, 0, 0, 0, 0, 0, 0, 0, 0, 0, 0, 0, 0, 0, 0, 0, 0, 0, 0, 0, 1, 0, 1, 3, 5], '_type': 'histogram', 'packedBins': {'min': 33.62536696544656, 'size': 4.226503923888664, 'count': 64}}",116.51978970131022,"{'_type': 'histogram', 'packedBins': {'min': 8, 'size': 1.4375, 'count': 64}, 'values': [3, 0, 0, 1, 1, 0, 0, 0, 0, 0, 0, 0, 0, 0, 0, 0, 0, 0, 0, 0, 0, 0, 0, 0, 0, 0, 0, 0, 0, 0, 0, 0, 0, 0, 0, 0, 0, 0, 0, 0, 0, 0, 0, 0, 0, 0, 0, 0, 0, 0, 0, 0, 0, 0, 0, 0, 0, 0, 0, 0, 0, 0, 0, 15]}","{'_type': 'histogram', 'packedBins': {'count': 64, 'min': 8, 'size': 1.4375}, 'values': [5, 3, 1, 0, 2, 0, 0, 0, 0, 0, 0, 0, 0, 0, 0, 0, 0, 0, 0, 0, 0, 0, 0, 0, 0, 0, 0, 0, 0, 0, 0, 0, 0, 0, 0, 0, 0, 0, 0, 0, 0, 0, 0, 0, 0, 0, 0, 0, 0, 0, 0, 0, 0, 0, 0, 0, 0, 0, 0, 0, 0, 0, 0, 9]}","{'values': [1, 0, 0, 0, 0, 0, 0, 0, 0, 0, 0, 0, 0, 0, 0, 0, 0, 0, 1, 1, 1, 0, 1, 2, 5, 1, 1, 0, 0, 1, 0, 0, 0, 0, 0, 0, 0, 0, 0, 0, 0, 0, 0, 0, 0, 0, 0, 0, 0, 0, 0, 0, 0, 0, 0, 0, 0, 0, 0, 1, 1, 0, 1, 2], '_type': 'histogram', 'packedBins': {'min': -20.16426610691465, 'size': 5.089015481000985, 'count': 64}}","{'_type': 'histogram', 'packedBins': {'min': 27.831893646430395, 'size': 4.268821708062528, 'count': 64}, 'values': [1, 1, 0, 0, 0, 0, 0, 0, 1, 1, 2, 0, 0, 1, 1, 2, 0, 5, 1, 1, 0, 0, 0, 0, 0, 0, 0, 0, 0, 0, 0, 0, 0, 0, 0, 0, 0, 0, 0, 0, 0, 0, 0, 0, 0, 0, 0, 0, 0, 0, 0, 0, 0, 0, 0, 0, 0, 0, 0, 0, 0, 0, 1, 2]}","{'packedBins': {'count': 64, 'min': 25.56173765644126, 'size': 4.385554324469876}, 'values': [1, 0, 0, 1, 1, 0, 0, 0, 0, 1, 0, 0, 1, 0, 0, 0, 2, 4, 2, 3, 1, 0, 0, 0, 0, 0, 1, 0, 0, 0, 0, 0, 0, 0, 0, 0, 0, 0, 0, 0, 0, 0, 0, 0, 0, 0, 0, 0, 0, 0, 0, 0, 0, 0, 0, 0, 0, 0, 1, 0, 0, 0, 0, 1], '_type': 'histogram'}","{'_type': 'histogram', 'packedBins': {'min': 8, 'size': 1.4375, 'count': 64}, 'values': [2, 1, 0, 0, 0, 0, 0, 0, 0, 0, 0, 0, 0, 0, 0, 0, 0, 0, 0, 0, 0, 0, 0, 0, 0, 0, 0, 0, 0, 0, 0, 0, 0, 0, 0, 0, 0, 0, 0, 0, 0, 0, 0, 0, 0, 0, 0, 0, 0, 0, 0, 0, 0, 0, 0, 0, 0, 0, 0, 0, 0, 0, 0, 17]}","{'packedBins': {'min': 10, 'size': 1.40625, 'count': 64}, 'values': [4, 1, 1, 0, 0, 0, 0, 0, 0, 0, 0, 0, 0, 0, 0, 0, 0, 0, 0, 0, 0, 0, 0, 0, 0, 0, 0, 0, 0, 0, 0, 0, 0, 0, 0, 0, 0, 0, 0, 0, 0, 0, 0, 0, 0, 0, 0, 0, 0, 0, 0, 0, 0, 0, 0, 0, 0, 0, 0, 0, 0, 0, 0, 14], '_type': 'histogram'}",77.55,143.42084292330864,86.35,196.2402105700508,73.3,113.15052707969289,50.7
12100,129,0.8110375702381134,2931.2620735168457,1777585659.2954016,,,,,,,,,,,,,,,,,,,,,,,,,,,,,,,,,,,,
12200,130,0.8108729046583175,2941.9842133522034,1777585670.0175414,,,,,,,,,,,,,,,,,,,,,,,,,,,,,,,,,,,,
12300,131,0.810003725886345,2953.11262011528,1777585681.1459482,,,,,,,,,,,,,,,,,,,,,,,,,,,,,,,,,,,,
12400,132,0.8101875281333923,2965.9778397083282,1777585694.0111678,,,,,,,,,,,,,,,,,,,,,,,,,,,,,,,,,,,,
12500,133,0.8115104442834854,2977.0048286914825,1777585705.0381567,,,,,,,,,,,,,,,,,,,,,,,,,,,,,,,,,,,,
12600,134,0.810563582777977,2987.051781654358,1777585715.0851097,,,,,,,,,,,,,,,,,,,,,,,,,,,,,,,,,,,,
12700,135,0.8104903537034989,2997.9658284187317,1777585725.9991565,,,,,,,,,,,,,,,,,,,,,,,,,,,,,,,,,,,,
12800,136,0.8106159830093383,3008.3559041023254,1777585736.3892322,,,,,,,,,,,,,,,,,,,,,,,,,,,,,,,,,,,,
12900,137,0.810621520280838,3019.1354343891144,1777585747.1687624,,,,,,,,,,,,,,,,,,,,,,,,,,,,,,,,,,,,
13000,138,0.8106807464361191,3031.285037279129,1777585759.3183653,,,,,,,,,,,,,,,,,,,,,,,,,,,,,,,,,,,,
13100,139,0.8103975802659988,3042.3998835086823,1777585770.4332116,,,,,,,,,,,,,,,,,,,,,,,,,,,,,,,,,,,,
13200,140,0.8090666151046753,3052.2950270175934,1777585780.328355,,,,,,,,,,,,,,,,,,,,,,,,,,,,,,,,,,,,
13300,141,0.8094896340370178,3062.8508744239807,1777585790.8842025,,,,,,,,,,,,,,,,,,,,,,,,,,,,,,,,,,,,
13400,142,0.8105055600404739,3072.508016347885,1777585800.5413444,,,,,,,,,,,,,,,,,,,,,,,,,,,,,,,,,,,,
13500,143,0.808833328485489,3086.163098335266,1777585814.1964264,,,,,,,,,,,,,,,,,,,,,,,,,,,,,,,,,,,,
13600,144,0.8101243096590042,3098.716450691223,1777585826.7497787,,,,,,,,,,,,,,,,,,,,,,,,,,,,,,,,,,,,
13700,145,0.8100223803520202,3126.1880173683167,1777585854.2213454,,,,,,,,,,,,,,,,,,,,,,,,,,,,,,,,,,,,
13800,146,0.8095499247312545,3142.5599343776703,1777585870.5932624,,,,,,,,,,,,,,,,,,,,,,,,,,,,,,,,,,,,
13900,147,0.8097222328186036,3153.499139547348,1777585881.5324676,,,,,,,,,,,,,,,,,,,,,,,,,,,,,,,,,,,,
14000,148,0.810109526515007,3164.80060338974,1777585892.8339314,,,,,,,,,,,,,,,,,,,,,,,,,,,,,,,,,,,,
14000,149,,3307.069707632065,1777586035.1030357,,,,,,,,,,,,,,,,,,,,,"{'packedBins': {'min': 44.566151063581266, 'size': 4.06169329401268, 'count': 64}, 'values': [2, 0, 0, 0, 0, 0, 0, 2, 0, 1, 0, 0, 2, 1, 1, 2, 1, 1, 1, 1, 0, 0, 0, 0, 0, 0, 0, 0, 0, 0, 0, 0, 0, 0, 0, 0, 0, 0, 0, 0, 0, 0, 0, 0, 0, 0, 0, 0, 0, 0, 0, 0, 0, 0, 0, 0, 0, 0, 0, 0, 2, 1, 0, 2], '_type': 'histogram'}",118.35485747549956,"{'values': [3, 0, 0, 1, 0, 0, 0, 0, 0, 0, 0, 0, 0, 0, 0, 0, 0, 0, 0, 0, 0, 0, 0, 0, 0, 0, 0, 0, 0, 0, 0, 0, 0, 0, 0, 0, 0, 0, 0, 0, 0, 0, 0, 0, 0, 0, 0, 0, 0, 0, 0, 0, 0, 0, 0, 0, 0, 0, 0, 0, 0, 0, 0, 16], '_type': 'histogram', 'packedBins': {'count': 64, 'min': 8, 'size': 1.4375}}","{'values': [6, 0, 2, 0, 0, 0, 0, 0, 0, 0, 0, 0, 0, 0, 0, 0, 0, 0, 0, 0, 0, 0, 0, 0, 0, 0, 0, 0, 0, 0, 0, 0, 0, 0, 0, 0, 0, 0, 0, 0, 0, 0, 0, 0, 0, 0, 0, 0, 0, 0, 0, 0, 0, 0, 0, 0, 0, 0, 0, 0, 0, 0, 0, 12], '_type': 'histogram', 'packedBins': {'min': 8, 'size': 1.4375, 'count': 64}}","{'_type': 'histogram', 'packedBins': {'min': 32.55945173021164, 'size': 4.332390995108911, 'count': 64}, 'values': [1, 0, 0, 0, 0, 0, 1, 0, 1, 1, 0, 1, 0, 0, 1, 1, 2, 0, 1, 2, 1, 1, 0, 0, 0, 0, 0, 0, 0, 0, 0, 0, 1, 0, 0, 0, 0, 0, 0, 0, 0, 0, 0, 0, 0, 0, 0, 0, 0, 0, 0, 0, 0, 0, 0, 0, 0, 0, 1, 2, 1, 0, 0, 1]}","{'_type': 'histogram', 'packedBins': {'min': 15.794535464983142, 'size': 4.511953263407035, 'count': 64}, 'values': [1, 0, 0, 0, 0, 0, 0, 0, 0, 0, 0, 0, 0, 2, 1, 0, 1, 0, 2, 1, 7, 1, 0, 1, 1, 0, 0, 0, 0, 0, 0, 0, 0, 0, 0, 0, 0, 0, 0, 0, 0, 0, 0, 0, 0, 0, 0, 0, 0, 0, 0, 0, 0, 0, 0, 0, 0, 0, 0, 0, 0, 0, 0, 2]}","{'_type': 'histogram', 'packedBins': {'count': 64, 'min': 62.60002938655999, 'size': 3.7818428022696873}, 'values': [1, 0, 0, 0, 0, 1, 0, 0, 1, 2, 0, 5, 2, 1, 0, 1, 0, 0, 0, 1, 0, 0, 1, 0, 0, 0, 0, 0, 0, 0, 0, 0, 0, 0, 0, 0, 0, 0, 0, 0, 0, 0, 0, 0, 0, 0, 0, 0, 0, 0, 0, 0, 0, 0, 0, 0, 0, 0, 0, 0, 0, 2, 0, 2]}","{'values': [4, 0, 1, 0, 0, 0, 0, 0, 0, 0, 0, 0, 0, 0, 0, 0, 0, 0, 0, 0, 0, 0, 0, 0, 0, 0, 0, 0, 0, 0, 0, 0, 0, 0, 0, 0, 0, 0, 0, 0, 0, 0, 0, 0, 0, 0, 0, 0, 0, 0, 0, 0, 0, 0, 0, 0, 0, 0, 0, 0, 0, 0, 0, 15], '_type': 'histogram', 'packedBins': {'count': 64, 'min': 8, 'size': 1.4375}}","{'_type': 'histogram', 'packedBins': {'size': 1.453125, 'count': 64, 'min': 7}, 'values': [2, 1, 2, 0, 0, 0, 1, 0, 0, 0, 0, 0, 0, 0, 0, 0, 0, 0, 0, 0, 0, 0, 0, 0, 0, 0, 0, 0, 0, 0, 0, 0, 0, 0, 0, 0, 0, 0, 0, 0, 0, 0, 0, 0, 0, 0, 0, 0, 0, 0, 0, 0, 0, 0, 0, 0, 0, 0, 0, 0, 0, 0, 1, 13]}",81.95,148.06220691961406,77.2,144.44675568853106,72.9,145.55876168042607,63.7
14100,150,0.8102268028259277,3318.2230501174927,1777586046.2563782,,,,,,,,,,,,,,,,,,,,,,,,,,,,,,,,,,,,
14200,151,0.8095611470937729,3330.050041913986,1777586058.08337,,,,,,,,,,,,,,,,,,,,,,,,,,,,,,,,,,,,
14300,152,0.8099136394262314,3341.3254494667053,1777586069.3587775,,,,,,,,,,,,,,,,,,,,,,,,,,,,,,,,,,,,
14400,153,0.8084669417142868,3352.117045879364,1777586080.150374,,,,,,,,,,,,,,,,,,,,,,,,,,,,,,,,,,,,
14500,154,0.8086806976795197,3363.9006435871124,1777586091.9339716,,,,,,,,,,,,,,,,,,,,,,,,,,,,,,,,,,,,
14600,155,0.8077778124809265,3374.270037651062,1777586102.3033657,,,,,,,,,,,,,,,,,,,,,,,,,,,,,,,,,,,,
14700,156,0.8088230139017105,3384.3630735874176,1777586112.3964016,,,,,,,,,,,,,,,,,,,,,,,,,,,,,,,,,,,,
14800,157,0.809259232878685,3397.4303443431854,1777586125.4636724,,,,,,,,,,,,,,,,,,,,,,,,,,,,,,,,,,,,
14900,158,0.8078818869590759,3407.9819037914276,1777586136.0152318,,,,,,,,,,,,,,,,,,,,,,,,,,,,,,,,,,,,
15000,159,0.8086441886425019,3419.2080087661743,1777586147.2413368,,,,,,,,,,,,,,,,,,,,,,,,,,,,,,,,,,,,
15100,160,0.8087289053201675,3430.4179949760437,1777586158.451323,,,,,,,,,,,,,,,,,,,,,,,,,,,,,,,,,,,,
15200,161,0.8077000468969345,3441.1849966049194,1777586169.2183247,,,,,,,,,,,,,,,,,,,,,,,,,,,,,,,,,,,,
15300,162,0.8087706154584885,3452.2544300556183,1777586180.287758,,,,,,,,,,,,,,,,,,,,,,,,,,,,,,,,,,,,
15400,163,0.8073386031389237,3462.3449726104736,1777586190.3783007,,,,,,,,,,,,,,,,,,,,,,,,,,,,,,,,,,,,
15500,164,0.8091174101829529,3474.759032726288,1777586202.7923608,,,,,,,,,,,,,,,,,,,,,,,,,,,,,,,,,,,,
15600,165,0.808338605761528,3485.363949537277,1777586213.3972776,,,,,,,,,,,,,,,,,,,,,,,,,,,,,,,,,,,,
15700,166,0.8090364754199981,3496.0122582912445,1777586224.0455863,,,,,,,,,,,,,,,,,,,,,,,,,,,,,,,,,,,,
15800,167,0.8099260032176971,3507.422302722931,1777586235.4556308,,,,,,,,,,,,,,,,,,,,,,,,,,,,,,,,,,,,
15900,168,0.8077582788467407,3518.2779631614685,1777586246.3112912,,,,,,,,,,,,,,,,,,,,,,,,,,,,,,,,,,,,
16000,169,0.8091709315776825,3528.5664043426514,1777586256.5997324,,,,,,,,,,,,,,,,,,,,,,,,,,,,,,,,,,,,
16000,170,,3647.9381811618805,1777586375.9715092,,,,,,,,,,,,,,,,,,,,,"{'values': [1, 0, 0, 0, 0, 0, 1, 0, 0, 0, 1, 0, 0, 0, 0, 1, 1, 3, 2, 0, 0, 0, 1, 0, 1, 0, 0, 0, 0, 0, 0, 0, 0, 0, 0, 0, 0, 0, 0, 0, 0, 0, 0, 0, 0, 0, 0, 0, 0, 0, 0, 0, 0, 0, 0, 0, 0, 0, 0, 0, 0, 1, 1, 6], '_type': 'histogram', 'packedBins': {'min': 31.451544210976458, 'size': 4.3000630365303225, 'count': 64}}",174.87067775792977,"{'_type': 'histogram', 'packedBins': {'count': 64, 'min': 9, 'size': 1.421875}, 'values': [4, 0, 2, 0, 1, 0, 1, 0, 0, 0, 0, 0, 0, 0, 0, 0, 0, 0, 0, 0, 0, 0, 0, 0, 0, 0, 0, 0, 0, 0, 0, 0, 0, 0, 0, 0, 0, 0, 0, 0, 0, 0, 0, 0, 0, 0, 0, 0, 0, 0, 0, 0, 0, 0, 0, 0, 0, 0, 0, 0, 0, 0, 0, 12]}","{'_type': 'histogram', 'packedBins': {'min': 9, 'size': 1.421875, 'count': 64}, 'values': [8, 0, 0, 1, 0, 0, 0, 0, 0, 0, 0, 0, 0, 0, 0, 0, 0, 0, 0, 0, 0, 0, 0, 0, 0, 0, 0, 0, 0, 0, 0, 0, 0, 0, 0, 0, 0, 0, 0, 0, 0, 0, 0, 0, 0, 0, 0, 0, 0, 0, 0, 0, 0, 0, 0, 0, 0, 0, 0, 0, 0, 0, 0, 11]}","{'_type': 'histogram', 'packedBins': {'min': 23.401459659958412, 'size': 4.873119387904593, 'count': 64}, 'values': [1, 0, 0, 0, 0, 0, 0, 1, 0, 0, 1, 0, 0, 0, 1, 1, 4, 1, 1, 0, 2, 0, 0, 0, 0, 0, 0, 0, 1, 0, 0, 0, 0, 0, 0, 0, 0, 0, 0, 0, 0, 0, 0, 0, 0, 0, 0, 0, 0, 0, 0, 0, 0, 0, 0, 1, 0, 3, 1, 0, 0, 0, 0, 1]}","{'_type': 'histogram', 'packedBins': {'min': 73.8319494057045, 'size': 3.5940656630663277, 'count': 64}, 'values': [2, 0, 0, 0, 0, 0, 0, 1, 3, 0, 1, 3, 0, 3, 0, 0, 0, 0, 0, 0, 0, 0, 0, 0, 0, 0, 0, 0, 0, 0, 0, 0, 0, 0, 0, 0, 0, 0, 0, 0, 0, 0, 0, 0, 0, 0, 0, 0, 0, 0, 0, 0, 0, 0, 0, 0, 0, 0, 0, 0, 1, 0, 0, 6]}","{'values': [2, 0, 0, 0, 0, 1, 0, 0, 0, 3, 3, 1, 0, 0, 1, 0, 0, 0, 0, 0, 0, 0, 0, 0, 0, 0, 0, 0, 0, 0, 0, 0, 0, 0, 0, 0, 0, 0, 0, 0, 0, 0, 0, 0, 0, 0, 0, 0, 0, 0, 0, 0, 0, 0, 0, 0, 0, 0, 0, 0, 1, 1, 4, 3], '_type': 'histogram', 'packedBins': {'min': 68.69147261844594, 'size': 3.726764442321294, 'count': 64}}","{'_type': 'histogram', 'packedBins': {'min': 8, 'size': 1.4375, 'count': 64}, 'values': [2, 3, 4, 0, 1, 0, 0, 0, 0, 0, 0, 0, 0, 0, 0, 0, 0, 0, 0, 0, 0, 0, 0, 0, 0, 0, 0, 0, 0, 0, 0, 0, 0, 0, 0, 0, 0, 0, 0, 0, 0, 0, 0, 0, 0, 0, 0, 0, 0, 0, 0, 0, 0, 0, 0, 0, 0, 0, 0, 0, 0, 0, 0, 10]}","{'values': [4, 2, 0, 0, 0, 0, 0, 0, 0, 0, 1, 0, 0, 0, 0, 0, 0, 0, 0, 0, 0, 0, 0, 0, 0, 0, 0, 0, 0, 0, 0, 0, 1, 0, 0, 0, 0, 0, 0, 0, 0, 0, 0, 0, 0, 0, 0, 0, 0, 0, 0, 0, 0, 0, 0, 0, 0, 0, 0, 0, 0, 0, 0, 12], '_type': 'histogram', 'packedBins': {'min': 8, 'size': 1.4375, 'count': 64}}",64.75,162.45755973216282,55.3,180.3640077659497,66.6,190.44585931446835,59.45
16100,171,0.8089359837770462,3660.4111428260803,1777586388.444471,,,,,,,,,,,,,,,,,,,,,,,,,,,,,,,,,,,,
16200,172,0.8084887331724167,3672.7459716796875,1777586400.7792997,,,,,,,,,,,,,,,,,,,,,,,,,,,,,,,,,,,,
16300,173,0.8080531948804855,3683.8748636245728,1777586411.9081917,,,,,,,,,,,,,,,,,,,,,,,,,,,,,,,,,,,,
16400,174,0.8073726838827133,3694.7068376541138,1777586422.7401657,,,,,,,,,,,,,,,,,,,,,,,,,,,,,,,,,,,,
16500,175,0.8060804206132889,3704.7956161499023,1777586432.8289442,,,,,,,,,,,,,,,,,,,,,,,,,,,,,,,,,,,,
16600,176,0.8082919853925705,3714.8483839035034,1777586442.881712,,,,,,,,,,,,,,,,,,,,,,,,,,,,,,,,,,,,
16700,177,0.8064576137065887,3726.2753870487213,1777586454.308715,,,,,,,,,,,,,,,,,,,,,,,,,,,,,,,,,,,,
16800,178,0.807313933968544,3738.021228790283,1777586466.0545568,,,,,,,,,,,,,,,,,,,,,,,,,,,,,,,,,,,,
16900,179,0.807702134847641,3748.346907377243,1777586476.3802354,,,,,,,,,,,,,,,,,,,,,,,,,,,,,,,,,,,,
17000,180,0.8067357641458511,3759.7511196136475,1777586487.7844477,,,,,,,,,,,,,,,,,,,,,,,,,,,,,,,,,,,,
17100,181,0.8073234748840332,3769.945262670517,1777586497.9785907,,,,,,,,,,,,,,,,,,,,,,,,,,,,,,,,,,,,
17200,182,0.8072633546590805,3780.2834787368774,1777586508.3168068,,,,,,,,,,,,,,,,,,,,,,,,,,,,,,,,,,,,
17300,183,0.8064348363876342,3791.063874721527,1777586519.0972028,,,,,,,,,,,,,,,,,,,,,,,,,,,,,,,,,,,,
17400,184,0.8074338531494141,3802.3699476718903,1777586530.4032757,,,,,,,,,,,,,,,,,,,,,,,,,,,,,,,,,,,,
17500,185,0.807128581404686,3812.27446269989,1777586540.3077908,,,,,,,,,,,,,,,,,,,,,,,,,,,,,,,,,,,,
17600,186,0.8082209026813507,3824.340276479721,1777586552.3736045,,,,,,,,,,,,,,,,,,,,,,,,,,,,,,,,,,,,
17700,187,0.8075524127483368,3835.8196609020233,1777586563.852989,,,,,,,,,,,,,,,,,,,,,,,,,,,,,,,,,,,,
17800,188,0.8067248541116715,3846.671730995178,1777586574.705059,,,,,,,,,,,,,,,,,,,,,,,,,,,,,,,,,,,,
17900,189,0.8074239116907119,3858.3420016765594,1777586586.3753297,,,,,,,,,,,,,,,,,,,,,,,,,,,,,,,,,,,,
18000,190,0.8062154173851013,3868.4104511737823,1777586596.4437792,,,,,,,,,,,,,,,,,,,,,,,,,,,,,,,,,,,,
18000,191,,3986.4664764404297,1777586714.4998045,,,,,,,,,,,,,,,,,,,,,"{'_type': 'histogram', 'packedBins': {'count': 64, 'min': 65.07082501986655, 'size': 3.8066651384908177}, 'values': [1, 0, 0, 0, 1, 0, 0, 1, 0, 2, 0, 1, 1, 3, 0, 1, 0, 0, 0, 1, 0, 0, 0, 0, 0, 0, 0, 0, 0, 0, 0, 0, 0, 0, 0, 0, 0, 0, 0, 0, 0, 0, 0, 0, 0, 0, 0, 0, 0, 0, 0, 0, 0, 0, 0, 0, 0, 0, 0, 0, 0, 2, 4, 2]}",184.9462047695313,"{'_type': 'histogram', 'packedBins': {'min': 8, 'size': 1.4375, 'count': 64}, 'values': [6, 2, 1, 0, 0, 0, 1, 0, 0, 0, 0, 0, 0, 0, 0, 0, 0, 0, 0, 0, 0, 0, 0, 0, 0, 0, 0, 0, 0, 0, 0, 0, 0, 0, 0, 0, 0, 0, 0, 0, 0, 0, 0, 0, 0, 0, 0, 0, 0, 0, 0, 0, 0, 0, 0, 0, 0, 0, 0, 0, 0, 0, 0, 10]}","{'_type': 'histogram', 'packedBins': {'min': 8, 'size': 1.4375, 'count': 64}, 'values': [5, 2, 1, 1, 0, 0, 0, 1, 0, 0, 0, 0, 0, 0, 0, 0, 0, 0, 0, 0, 0, 0, 0, 0, 0, 0, 0, 0, 0, 0, 0, 0, 0, 0, 0, 0, 0, 0, 0, 0, 0, 0, 0, 0, 0, 0, 0, 0, 0, 0, 0, 0, 0, 0, 0, 0, 0, 0, 0, 0, 0, 0, 0, 10]}","{'_type': 'histogram', 'packedBins': {'min': 11.312943329514265, 'size': 4.545173011203559, 'count': 64}, 'values': [1, 0, 0, 0, 0, 0, 0, 0, 0, 0, 0, 0, 0, 0, 0, 0, 0, 3, 2, 2, 2, 3, 0, 0, 2, 0, 0, 0, 0, 0, 0, 0, 0, 0, 0, 0, 0, 0, 0, 0, 0, 0, 0, 0, 0, 0, 0, 0, 0, 0, 0, 0, 0, 0, 0, 0, 0, 0, 0, 0, 0, 0, 1, 4]}","{'_type': 'histogram', 'packedBins': {'size': 4.208159447921788, 'count': 64, 'min': 34.83375570670055}, 'values': [1, 0, 0, 0, 0, 0, 0, 0, 1, 0, 0, 0, 1, 0, 1, 0, 0, 3, 1, 1, 1, 1, 0, 0, 0, 0, 0, 0, 0, 0, 0, 0, 0, 0, 0, 0, 0, 0, 0, 0, 0, 0, 0, 0, 0, 0, 0, 0, 1, 0, 0, 0, 0, 0, 0, 0, 0, 0, 0, 1, 0, 1, 2, 4]}","{'packedBins': {'size': 3.719841430093287, 'count': 64, 'min': 70.25256506502187}, 'values': [2, 0, 0, 0, 0, 0, 0, 1, 2, 4, 4, 0, 1, 1, 0, 0, 0, 0, 0, 0, 0, 0, 0, 0, 0, 0, 0, 0, 0, 0, 0, 0, 0, 0, 0, 0, 0, 0, 0, 0, 0, 0, 0, 0, 0, 0, 0, 0, 0, 0, 0, 0, 0, 0, 0, 0, 0, 0, 0, 0, 1, 1, 1, 2], '_type': 'histogram'}","{'_type': 'histogram', 'packedBins': {'min': 8, 'size': 1.4375, 'count': 64}, 'values': [4, 1, 1, 1, 0, 0, 0, 0, 0, 0, 0, 0, 0, 0, 0, 0, 0, 0, 0, 0, 0, 0, 0, 0, 0, 0, 0, 0, 0, 0, 0, 0, 0, 0, 0, 0, 0, 0, 0, 0, 0, 0, 0, 0, 0, 0, 0, 0, 0, 0, 0, 0, 0, 0, 0, 0, 0, 0, 0, 0, 0, 0, 0, 13]}","{'values': [5, 1, 0, 0, 0, 0, 0, 0, 0, 0, 0, 0, 0, 0, 0, 0, 0, 0, 0, 0, 0, 0, 0, 0, 0, 0, 0, 0, 0, 0, 0, 0, 0, 0, 0, 0, 0, 0, 0, 0, 0, 0, 0, 0, 0, 0, 0, 0, 0, 0, 0, 0, 0, 0, 0, 0, 0, 0, 0, 0, 0, 0, 0, 14], '_type': 'histogram', 'packedBins': {'size': 1.4375, 'count': 64, 'min': 8}}",55.1,147.24637350612608,68.45,185.36872758136033,72.65,152.56008582448553,55.35
18100,192,0.8061004585027695,3996.925721883774,1777586724.95905,,,,,,,,,,,,,,,,,,,,,,,,,,,,,,,,,,,,
18200,193,0.8055969280004501,4007.648388147354,1777586735.6817162,,,,,,,,,,,,,,,,,,,,,,,,,,,,,,,,,,,,
18300,194,0.8066984015703201,4018.914951324463,1777586746.9482794,,,,,,,,,,,,,,,,,,,,,,,,,,,,,,,,,,,,
18400,195,0.8060030430555344,4029.679946422577,1777586757.7132745,,,,,,,,,,,,,,,,,,,,,,,,,,,,,,,,,,,,
18500,196,0.8063186591863633,4039.7969954013824,1777586767.8303235,,,,,,,,,,,,,,,,,,,,,,,,,,,,,,,,,,,,
18600,197,0.8064066481590271,4050.502490758896,1777586778.5358188,,,,,,,,,,,,,,,,,,,,,,,,,,,,,,,,,,,,
18700,198,0.8069610911607742,4062.9199028015137,1777586790.9532309,,,,,,,,,,,,,,,,,,,,,,,,,,,,,,,,,,,,
18800,199,0.8062886881828308,4072.6030480861664,1777586800.6363761,,,,,,,,,,,,,,,,,,,,,,,,,,,,,,,,,,,,
18900,200,0.8067478078603745,4086.9285423755646,1777586814.9618704,,,,,,,,,,,,,,,,,,,,,,,,,,,,,,,,,,,,
19000,201,0.8048717302083969,4099.033518075943,1777586827.0668461,,,,,,,,,,,,,,,,,,,,,,,,,,,,,,,,,,,,
19100,202,0.8066793483495712,4108.625946521759,1777586836.6592746,,,,,,,,,,,,,,,,,,,,,,,,,,,,,,,,,,,,
19200,203,0.8057283592224121,4120.232623577118,1777586848.2659516,,,,,,,,,,,,,,,,,,,,,,,,,,,,,,,,,,,,
19300,204,0.805063282251358,4131.382125616074,1777586859.4154537,,,,,,,,,,,,,,,,,,,,,,,,,,,,,,,,,,,,
19400,205,0.8037857753038407,4142.614007472992,1777586870.6473355,,,,,,,,,,,,,,,,,,,,,,,,,,,,,,,,,,,,
19500,206,0.806223772764206,4153.224469423294,1777586881.2577975,,,,,,,,,,,,,,,,,,,,,,,,,,,,,,,,,,,,
19600,207,0.805742050409317,4163.623816490173,1777586891.6571445,,,,,,,,,,,,,,,,,,,,,,,,,,,,,,,,,,,,
19700,208,0.8057928943634033,4174.084195137024,1777586902.1175232,,,,,,,,,,,,,,,,,,,,,,,,,,,,,,,,,,,,
19800,209,0.8057695579528809,4185.6738085746765,1777586913.7071366,,,,,,,,,,,,,,,,,,,,,,,,,,,,,,,,,,,,
19900,210,0.8043555742502213,4196.243013858795,1777586924.276342,,,,,,,,,,,,,,,,,,,,,,,,,,,,,,,,,,,,
20000,211,0.8051798981428147,4207.092485904694,1777586935.125814,,,,,,,,,,,,,,,,,,,,,,,,,,,,,,,,,,,,
20000,212,,4309.890335083008,1777587037.9236631,,,,,,,,,,,,,,,,,,,,,"{'packedBins': {'min': 69.81837361756746, 'size': 3.927974468481868, 'count': 64}, 'values': [1, 0, 0, 1, 0, 0, 0, 3, 1, 2, 1, 1, 2, 0, 0, 0, 0, 0, 0, 0, 0, 0, 0, 0, 0, 0, 0, 0, 0, 0, 0, 0, 0, 0, 0, 0, 0, 0, 0, 0, 0, 0, 0, 0, 0, 0, 0, 0, 0, 0, 0, 0, 0, 0, 0, 0, 0, 1, 2, 3, 0, 0, 1, 1], '_type': 'histogram'}",191.34763110198088,"{'packedBins': {'count': 64, 'min': 9, 'size': 1.421875}, 'values': [5, 1, 2, 1, 0, 0, 0, 0, 0, 0, 0, 0, 0, 0, 0, 0, 1, 0, 0, 0, 0, 0, 0, 0, 0, 1, 0, 0, 0, 0, 0, 0, 0, 0, 0, 0, 0, 0, 0, 0, 0, 0, 0, 0, 0, 0, 0, 0, 0, 0, 0, 0, 0, 0, 0, 0, 0, 0, 0, 0, 0, 0, 0, 9], '_type': 'histogram'}","{'values': [6, 1, 1, 0, 0, 0, 0, 1, 0, 0, 0, 0, 0, 0, 0, 0, 0, 0, 0, 0, 0, 0, 0, 0, 0, 0, 0, 0, 0, 0, 0, 0, 0, 0, 0, 0, 0, 0, 0, 0, 0, 0, 0, 0, 0, 0, 0, 0, 0, 0, 0, 0, 0, 0, 0, 0, 0, 0, 0, 0, 0, 0, 0, 11], '_type': 'histogram', 'packedBins': {'size': 1.4375, 'count': 64, 'min': 8}}","{'_type': 'histogram', 'packedBins': {'min': 99.23877915656335, 'size': 3.4267739755800317, 'count': 64}, 'values': [1, 0, 4, 1, 0, 0, 0, 0, 0, 0, 1, 0, 0, 0, 0, 1, 0, 0, 0, 0, 0, 0, 0, 0, 0, 0, 0, 0, 0, 0, 0, 0, 0, 0, 0, 0, 0, 0, 0, 0, 0, 0, 0, 0, 0, 0, 0, 0, 0, 0, 0, 0, 0, 0, 1, 2, 1, 1, 1, 2, 2, 1, 0, 1]}","{'_type': 'histogram', 'packedBins': {'min': 69.50185554270398, 'size': 4.079850706393758, 'count': 64}, 'values': [3, 0, 0, 0, 0, 0, 0, 1, 4, 3, 0, 0, 0, 0, 0, 0, 0, 0, 0, 0, 0, 0, 0, 0, 0, 0, 0, 0, 0, 0, 0, 0, 0, 0, 0, 0, 0, 0, 0, 0, 0, 0, 0, 0, 0, 0, 0, 0, 0, 0, 0, 0, 0, 0, 0, 0, 2, 5, 0, 0, 0, 0, 1, 1]}","{'values': [2, 0, 0, 1, 4, 3, 0, 0, 0, 1, 0, 0, 0, 1, 0, 0, 0, 0, 0, 0, 0, 0, 0, 0, 0, 0, 0, 0, 0, 0, 0, 0, 0, 0, 0, 0, 0, 0, 0, 0, 0, 0, 0, 0, 0, 0, 0, 0, 0, 1, 1, 1, 3, 0, 0, 1, 0, 0, 0, 0, 0, 0, 0, 1], '_type': 'histogram', 'packedBins': {'min': 84.9165352146719, 'size': 4.177511579796174, 'count': 64}}","{'_type': 'histogram', 'packedBins': {'min': 7, 'size': 1.453125, 'count': 64}, 'values': [2, 3, 3, 0, 0, 0, 0, 0, 0, 1, 0, 0, 0, 0, 0, 1, 0, 0, 0, 0, 0, 0, 0, 0, 0, 0, 0, 0, 0, 0, 0, 0, 0, 0, 0, 0, 0, 0, 0, 0, 0, 0, 0, 0, 0, 0, 0, 0, 0, 0, 0, 0, 0, 0, 0, 0, 0, 0, 0, 0, 0, 0, 0, 10]}","{'_type': 'histogram', 'packedBins': {'count': 64, 'min': 8, 'size': 1.4375}, 'values': [9, 0, 1, 0, 1, 0, 0, 0, 1, 0, 0, 0, 0, 0, 0, 0, 0, 0, 0, 0, 0, 0, 0, 0, 0, 0, 0, 0, 0, 0, 0, 0, 0, 0, 0, 0, 0, 0, 0, 0, 0, 0, 0, 0, 0, 0, 0, 0, 0, 0, 0, 0, 0, 0, 0, 0, 0, 0, 0, 0, 0, 0, 0, 8]}",53.75,226.75749520988194,56.2,183.89416516781756,46.15,186.7762677828103,59.7
20100,213,0.8043418926000595,4322.379382610321,1777587050.4127107,,,,,,,,,,,,,,,,,,,,,,,,,,,,,,,,,,,,
20200,214,0.805004763007164,4333.480194091797,1777587061.5135221,,,,,,,,,,,,,,,,,,,,,,,,,,,,,,,,,,,,
20300,215,0.8045023036003113,4344.940082788467,1777587072.9734108,,,,,,,,,,,,,,,,,,,,,,,,,,,,,,,,,,,,
20400,216,0.8053882664442062,4357.1088972091675,1777587085.1422253,,,,,,,,,,,,,,,,,,,,,,,,,,,,,,,,,,,,
20500,217,0.8046126282215118,4367.717819690704,1777587095.7511477,,,,,,,,,,,,,,,,,,,,,,,,,,,,,,,,,,,,
20600,218,0.8050504833459854,4379.074828863144,1777587107.108157,,,,,,,,,,,,,,,,,,,,,,,,,,,,,,,,,,,,
20700,219,0.8054559296369552,4389.957895517349,1777587117.9912236,,,,,,,,,,,,,,,,,,,,,,,,,,,,,,,,,,,,
20800,220,0.803816447854042,4400.1204662323,1777587128.1537943,,,,,,,,,,,,,,,,,,,,,,,,,,,,,,,,,,,,
20900,221,0.804860070347786,4410.866106033325,1777587138.899434,,,,,,,,,,,,,,,,,,,,,,,,,,,,,,,,,,,,
21000,222,0.8035849928855896,4423.650953531265,1777587151.6842816,,,,,,,,,,,,,,,,,,,,,,,,,,,,,,,,,,,,
21100,223,0.8060497617721558,4434.253675699234,1777587162.2870038,,,,,,,,,,,,,,,,,,,,,,,,,,,,,,,,,,,,
21200,224,0.8047199004888534,4445.509077548981,1777587173.5424056,,,,,,,,,,,,,,,,,,,,,,,,,,,,,,,,,,,,
21300,225,0.8040493041276932,4455.935464859009,1777587183.968793,,,,,,,,,,,,,,,,,,,,,,,,,,,,,,,,,,,,
21400,226,0.8030715614557267,4466.624712944031,1777587194.658041,,,,,,,,,,,,,,,,,,,,,,,,,,,,,,,,,,,,
21500,227,0.8047149711847306,4480.780522823334,1777587208.8138509,,,,,,,,,,,,,,,,,,,,,,,,,,,,,,,,,,,,
21600,228,0.8039874124526978,4493.1988978385925,1777587221.232226,,,,,,,,,,,,,,,,,,,,,,,,,,,,,,,,,,,,
21700,229,0.8039611315727234,4505.83988070488,1777587233.8732088,,,,,,,,,,,,,,,,,,,,,,,,,,,,,,,,,,,,
21800,230,0.8038198620080947,4516.692578792572,1777587244.7259068,,,,,,,,,,,,,,,,,,,,,,,,,,,,,,,,,,,,
21900,231,0.8030251610279083,4527.985860347748,1777587256.0191884,,,,,,,,,,,,,,,,,,,,,,,,,,,,,,,,,,,,
22000,232,0.8037072014808655,4540.443918466568,1777587268.4772465,,,,,,,,,,,,,,,,,,,,,,,,,,,,,,,,,,,,
22000,233,,4650.559159517288,1777587378.5924876,,,,,,,,,,,,,,,,,,,,,"{'values': [1, 0, 0, 0, 0, 2, 1, 5, 1, 2, 0, 0, 1, 0, 0, 0, 0, 1, 0, 0, 0, 0, 0, 0, 0, 0, 0, 0, 0, 0, 0, 0, 0, 0, 0, 0, 0, 0, 0, 0, 0, 0, 0, 0, 0, 0, 0, 0, 0, 1, 4, 0, 0, 0, 0, 0, 0, 0, 0, 0, 0, 0, 0, 1], '_type': 'histogram', 'packedBins': {'size': 4.560018183687234, 'count': 64, 'min': 73.63766782935834}}",193.9139810447819,"{'values': [3, 0, 2, 3, 0, 0, 0, 0, 0, 0, 0, 1, 0, 0, 0, 0, 0, 0, 0, 0, 0, 0, 0, 0, 0, 0, 0, 0, 0, 0, 0, 0, 0, 0, 0, 0, 0, 0, 0, 0, 0, 0, 0, 0, 0, 0, 0, 0, 0, 0, 0, 0, 0, 0, 0, 0, 0, 0, 0, 0, 0, 0, 0, 11], '_type': 'histogram', 'packedBins': {'count': 64, 'min': 7, 'size': 1.453125}}","{'packedBins': {'min': 9, 'size': 1.421875, 'count': 64}, 'values': [2, 2, 1, 0, 0, 0, 1, 0, 0, 0, 0, 0, 0, 0, 0, 0, 0, 0, 0, 0, 0, 0, 0, 0, 0, 0, 0, 0, 0, 0, 0, 0, 0, 0, 0, 0, 0, 0, 0, 0, 0, 0, 1, 0, 0, 0, 0, 0, 0, 0, 0, 0, 0, 0, 0, 0, 0, 0, 0, 0, 0, 0, 0, 13], '_type': 'histogram'}","{'_type': 'histogram', 'packedBins': {'count': 64, 'min': 34.75399659246928, 'size': 4.242618232876655}, 'values': [1, 0, 0, 0, 0, 0, 0, 0, 1, 0, 0, 0, 0, 0, 0, 1, 1, 4, 1, 1, 0, 0, 2, 0, 0, 0, 0, 0, 0, 0, 0, 0, 0, 0, 0, 0, 0, 0, 0, 0, 0, 0, 0, 0, 0, 0, 0, 0, 0, 0, 0, 0, 0, 0, 0, 0, 0, 0, 0, 1, 0, 0, 2, 5]}","{'_type': 'histogram', 'packedBins': {'count': 64, 'min': 94.78625736903248, 'size': 3.4545603068998365}, 'values': [2, 0, 1, 3, 4, 1, 0, 0, 0, 0, 0, 0, 0, 0, 0, 0, 0, 0, 0, 0, 0, 0, 0, 0, 0, 0, 0, 0, 0, 0, 0, 0, 0, 0, 0, 0, 0, 0, 0, 0, 0, 0, 0, 0, 0, 0, 0, 0, 0, 0, 0, 1, 0, 0, 0, 0, 1, 0, 0, 1, 4, 1, 0, 1]}","{'packedBins': {'min': 86.55618759197331, 'size': 3.4317756327333004, 'count': 64}, 'values': [1, 0, 0, 0, 2, 2, 0, 2, 0, 0, 0, 1, 0, 0, 0, 1, 0, 0, 0, 0, 0, 0, 0, 0, 0, 0, 0, 0, 0, 0, 0, 0, 0, 0, 0, 0, 0, 0, 0, 0, 0, 0, 0, 0, 0, 0, 0, 0, 0, 0, 0, 0, 0, 0, 0, 0, 0, 0, 0, 2, 0, 1, 2, 6], '_type': 'histogram'}","{'_type': 'histogram', 'packedBins': {'size': 1.4375, 'count': 64, 'min': 8}, 'values': [5, 5, 1, 0, 1, 0, 0, 0, 0, 0, 0, 0, 0, 0, 0, 0, 0, 0, 0, 0, 0, 0, 0, 0, 0, 0, 0, 0, 0, 0, 0, 0, 0, 0, 0, 0, 0, 0, 0, 0, 0, 0, 0, 0, 0, 0, 0, 0, 0, 0, 0, 0, 0, 0, 0, 0, 0, 0, 0, 0, 0, 0, 0, 8]}","{'packedBins': {'size': 1.4375, 'count': 64, 'min': 8}, 'values': [5, 2, 2, 0, 0, 0, 0, 0, 0, 0, 0, 0, 0, 0, 0, 0, 0, 0, 0, 0, 0, 0, 0, 0, 0, 0, 0, 0, 0, 0, 0, 0, 0, 0, 0, 0, 0, 0, 0, 0, 0, 0, 0, 0, 0, 0, 0, 0, 0, 0, 0, 0, 0, 0, 0, 0, 0, 0, 0, 0, 0, 0, 0, 11], '_type': 'histogram'}",60.15,181.894148167905,46.0,171.01576140259905,59.25,214.8999109750212,72.05
22100,234,0.8044359636306763,4660.438375234604,1777587388.4717033,,,,,,,,,,,,,,,,,,,,,,,,,,,,,,,,,,,,
22200,235,0.8038655823469162,4670.17667222023,1777587398.2100003,,,,,,,,,,,,,,,,,,,,,,,,,,,,,,,,,,,,
22300,236,0.8039675915241241,4681.390098333359,1777587409.4234264,,,,,,,,,,,,,,,,,,,,,,,,,,,,,,,,,,,,
22400,237,0.8035780489444733,4691.66669011116,1777587419.7000182,,,,,,,,,,,,,,,,,,,,,,,,,,,,,,,,,,,,
22500,238,0.803532680273056,4701.198913097382,1777587429.2322412,,,,,,,,,,,,,,,,,,,,,,,,,,,,,,,,,,,,
22600,239,0.8030229687690735,4711.024325609207,1777587439.0576537,,,,,,,,,,,,,,,,,,,,,,,,,,,,,,,,,,,,
22700,240,0.8026227915287018,4721.504930734634,1777587449.5382588,,,,,,,,,,,,,,,,,,,,,,,,,,,,,,,,,,,,
22800,241,0.8029843884706497,4730.446784734726,1777587458.4801128,,,,,,,,,,,,,,,,,,,,,,,,,,,,,,,,,,,,
22900,242,0.8041144073009491,4740.2750787734985,1777587468.3084068,,,,,,,,,,,,,,,,,,,,,,,,,,,,,,,,,,,,
23000,243,0.8033254736661911,4751.693896532059,1777587479.7272246,,,,,,,,,,,,,,,,,,,,,,,,,,,,,,,,,,,,
23100,244,0.8035147875547409,4760.635404348373,1777587488.6687324,,,,,,,,,,,,,,,,,,,,,,,,,,,,,,,,,,,,
23200,245,0.8043427723646164,4770.731107711792,1777587498.7644358,,,,,,,,,,,,,,,,,,,,,,,,,,,,,,,,,,,,
23300,246,0.8031916493177413,4780.74890255928,1777587508.7822306,,,,,,,,,,,,,,,,,,,,,,,,,,,,,,,,,,,,
23400,247,0.8022649514675141,4790.073897123337,1777587518.1072252,,,,,,,,,,,,,,,,,,,,,,,,,,,,,,,,,,,,
23500,248,0.802961990237236,4800.403236865997,1777587528.436565,,,,,,,,,,,,,,,,,,,,,,,,,,,,,,,,,,,,
23600,249,0.8029273128509522,4810.407072544098,1777587538.4404006,,,,,,,,,,,,,,,,,,,,,,,,,,,,,,,,,,,,
23700,250,0.8030321758985519,4820.300886392593,1777587548.3342144,,,,,,,,,,,,,,,,,,,,,,,,,,,,,,,,,,,,
23800,251,0.8030804145336151,4830.605093717575,1777587558.6384218,,,,,,,,,,,,,,,,,,,,,,,,,,,,,,,,,,,,
23900,252,0.8025121593475342,4840.87749505043,1777587568.910823,,,,,,,,,,,,,,,,,,,,,,,,,,,,,,,,,,,,
24000,253,0.8026036465167999,4852.105271100998,1777587580.1385992,,,,,,,,,,,,,,,,,,,,,,,,,,,,,,,,,,,,
24000,254,,4953.878275632858,1777587681.9116037,,,,,,,,,,,,,,,,,,,,,"{'_type': 'histogram', 'packedBins': {'min': 93.52216934381039, 'size': 3.3220804524880183, 'count': 64}, 'values': [1, 1, 4, 2, 3, 0, 1, 0, 1, 0, 0, 0, 0, 0, 1, 0, 0, 0, 0, 0, 0, 0, 0, 0, 0, 0, 0, 0, 0, 0, 0, 0, 0, 0, 0, 0, 0, 0, 0, 0, 0, 0, 0, 0, 0, 0, 0, 0, 0, 0, 0, 0, 0, 0, 0, 0, 0, 0, 1, 0, 1, 1, 1, 2]}",151.68901226415204,"{'_type': 'histogram', 'packedBins': {'min': 8, 'size': 1.4375, 'count': 64}, 'values': [4, 0, 2, 1, 0, 1, 0, 0, 0, 0, 0, 0, 0, 0, 0, 0, 0, 0, 0, 0, 0, 0, 0, 0, 0, 0, 0, 0, 0, 0, 0, 0, 0, 0, 0, 0, 0, 0, 0, 0, 0, 0, 0, 0, 0, 0, 0, 0, 0, 0, 0, 0, 0, 0, 0, 0, 0, 0, 0, 0, 0, 0, 0, 12]}","{'packedBins': {'min': 8, 'size': 1.4375, 'count': 64}, 'values': [4, 1, 1, 0, 0, 0, 0, 0, 0, 0, 0, 0, 0, 0, 0, 0, 0, 0, 0, 0, 0, 0, 0, 0, 0, 0, 0, 0, 0, 0, 0, 0, 0, 0, 0, 0, 0, 0, 0, 0, 0, 0, 0, 0, 0, 0, 0, 0, 0, 0, 0, 0, 0, 0, 0, 0, 0, 0, 0, 0, 0, 0, 0, 14], '_type': 'histogram'}","{'_type': 'histogram', 'packedBins': {'min': 78.29183207582312, 'size': 3.5483516989781925, 'count': 64}, 'values': [1, 0, 0, 0, 2, 0, 0, 0, 4, 1, 1, 2, 0, 0, 0, 0, 0, 0, 0, 0, 0, 0, 0, 0, 0, 0, 0, 0, 0, 0, 0, 0, 0, 0, 0, 0, 0, 0, 0, 0, 0, 0, 0, 0, 0, 0, 0, 0, 0, 0, 0, 0, 0, 0, 0, 0, 0, 0, 0, 0, 0, 2, 3, 4]}","{'_type': 'histogram', 'packedBins': {'count': 64, 'min': 80.89999705037685, 'size': 3.508944296708367}, 'values': [1, 0, 1, 1, 0, 3, 3, 2, 2, 2, 0, 0, 0, 0, 0, 0, 0, 0, 0, 0, 0, 0, 0, 0, 0, 0, 0, 0, 0, 0, 0, 0, 0, 0, 0, 0, 0, 0, 0, 0, 0, 0, 0, 0, 0, 0, 0, 0, 0, 0, 0, 0, 0, 0, 0, 0, 0, 0, 0, 0, 1, 1, 1, 2]}","{'values': [1, 0, 2, 0, 4, 3, 1, 0, 0, 0, 0, 0, 0, 0, 0, 0, 0, 0, 0, 0, 0, 0, 0, 0, 0, 0, 0, 0, 0, 0, 0, 0, 0, 0, 0, 0, 0, 0, 0, 0, 0, 0, 0, 0, 0, 0, 0, 0, 0, 0, 0, 0, 0, 0, 0, 0, 0, 0, 1, 0, 0, 1, 2, 5], '_type': 'histogram', 'packedBins': {'min': 92.820451863484, 'size': 3.342993198357389, 'count': 64}}","{'_type': 'histogram', 'packedBins': {'min': 8, 'size': 1.4375, 'count': 64}, 'values': [5, 3, 0, 0, 1, 0, 0, 0, 0, 0, 0, 1, 0, 0, 0, 0, 0, 0, 0, 0, 0, 0, 0, 0, 0, 0, 0, 0, 0, 0, 0, 0, 0, 0, 0, 0, 0, 0, 0, 0, 0, 0, 0, 0, 0, 0, 0, 0, 0, 0, 0, 0, 0, 0, 0, 0, 0, 0, 0, 0, 0, 0, 0, 10]}","{'values': [7, 1, 1, 1, 1, 0, 0, 0, 0, 0, 0, 0, 0, 0, 0, 0, 0, 0, 0, 0, 0, 0, 0, 0, 0, 0, 0, 0, 0, 0, 0, 0, 0, 0, 0, 0, 0, 0, 0, 0, 0, 0, 0, 0, 0, 0, 0, 0, 0, 0, 0, 0, 0, 0, 0, 0, 0, 0, 0, 0, 0, 0, 0, 9], '_type': 'histogram', 'packedBins': {'min': 8, 'size': 1.4375, 'count': 64}}",64.3,193.35527560722835,55.6,165.04179749146672,50.5,194.94288314950663,72.75
24100,255,0.8021231275796891,4964.212900400162,1777587692.2462285,,,,,,,,,,,,,,,,,,,,,,,,,,,,,,,,,,,,
24200,256,0.8026545816659927,4974.269189357758,1777587702.3025174,,,,,,,,,,,,,,,,,,,,,,,,,,,,,,,,,,,,
24300,257,0.8014612597227097,4984.1862189769745,1777587712.219547,,,,,,,,,,,,,,,,,,,,,,,,,,,,,,,,,,,,
24400,258,0.8026077961921692,4995.864497900009,1777587723.897826,,,,,,,,,,,,,,,,,,,,,,,,,,,,,,,,,,,,
24500,259,0.8022101837396621,5006.007418870926,1777587734.040747,,,,,,,,,,,,,,,,,,,,,,,,,,,,,,,,,,,,
24600,260,0.8025644052028656,5016.191110372543,1777587744.2244384,,,,,,,,,,,,,,,,,,,,,,,,,,,,,,,,,,,,
24700,261,0.8029581940174103,5026.164568185806,1777587754.1978962,,,,,,,,,,,,,,,,,,,,,,,,,,,,,,,,,,,,
24800,262,0.8005441433191299,5036.040957212448,1777587764.0742853,,,,,,,,,,,,,,,,,,,,,,,,,,,,,,,,,,,,
24900,263,0.8004604148864746,5046.676325559616,1777587774.7096536,,,,,,,,,,,,,,,,,,,,,,,,,,,,,,,,,,,,
25000,264,0.8020038986206055,5057.1390471458435,1777587785.1723752,,,,,,,,,,,,,,,,,,,,,,,,,,,,,,,,,,,,
25100,265,0.8011844825744628,5066.478554964066,1777587794.511883,,,,,,,,,,,,,,,,,,,,,,,,,,,,,,,,,,,,
25200,266,0.8016029989719391,5078.334812641144,1777587806.3681407,,,,,,,,,,,,,,,,,,,,,,,,,,,,,,,,,,,,
25300,267,0.8015178978443146,5088.2775247097015,1777587816.3108528,,,,,,,,,,,,,,,,,,,,,,,,,,,,,,,,,,,,
25400,268,0.8018490815162659,5097.524570941925,1777587825.557899,,,,,,,,,,,,,,,,,,,,,,,,,,,,,,,,,,,,
25500,269,0.8017291152477264,5107.711928367615,1777587835.7452564,,,,,,,,,,,,,,,,,,,,,,,,,,,,,,,,,,,,
25600,270,0.8004445272684098,5117.830822944641,1777587845.864151,,,,,,,,,,,,,,,,,,,,,,,,,,,,,,,,,,,,
25700,271,0.800595703125,5127.663367033005,1777587855.696695,,,,,,,,,,,,,,,,,,,,,,,,,,,,,,,,,,,,
25800,272,0.8016104459762573,5139.718903303146,1777587867.7522314,,,,,,,,,,,,,,,,,,,,,,,,,,,,,,,,,,,,
25900,273,0.8019004678726196,5149.004772186279,1777587877.0381002,,,,,,,,,,,,,,,,,,,,,,,,,,,,,,,,,,,,
26000,274,0.8012624633312225,5159.017368793488,1777587887.0506968,,,,,,,,,,,,,,,,,,,,,,,,,,,,,,,,,,,,
26000,275,,5238.139436721802,1777587966.1727648,,,,,,,,,,,,,,,,,,,,,"{'_type': 'histogram', 'packedBins': {'count': 64, 'min': 66.0526956139708, 'size': 3.956821302415096}, 'values': [1, 0, 0, 0, 0, 0, 1, 2, 0, 2, 1, 1, 0, 0, 0, 0, 0, 0, 0, 0, 0, 0, 0, 0, 0, 0, 0, 0, 0, 0, 0, 0, 0, 0, 0, 0, 0, 0, 0, 0, 0, 0, 0, 0, 0, 0, 0, 0, 0, 0, 0, 0, 0, 0, 0, 0, 0, 2, 2, 7, 0, 0, 0, 1]}",201.8393590255599,"{'_type': 'histogram', 'packedBins': {'size': 1.4375, 'count': 64, 'min': 8}, 'values': [3, 4, 2, 0, 1, 0, 0, 0, 1, 0, 0, 0, 0, 0, 0, 0, 0, 0, 0, 0, 0, 0, 0, 0, 0, 0, 0, 0, 0, 0, 0, 0, 0, 0, 0, 0, 0, 0, 0, 0, 0, 0, 0, 0, 0, 0, 0, 0, 0, 0, 0, 0, 0, 0, 0, 0, 0, 0, 0, 0, 0, 0, 0, 9]}","{'values': [10, 1, 1, 0, 0, 0, 0, 0, 0, 0, 0, 1, 0, 0, 0, 0, 0, 0, 0, 0, 0, 0, 0, 0, 0, 0, 0, 0, 0, 0, 0, 0, 0, 0, 0, 0, 0, 0, 0, 0, 0, 0, 0, 0, 0, 0, 0, 0, 0, 0, 0, 0, 0, 0, 0, 0, 0, 0, 0, 0, 0, 0, 0, 7], '_type': 'histogram', 'packedBins': {'min': 8, 'size': 1.4375, 'count': 64}}","{'_type': 'histogram', 'packedBins': {'min': 68.81962131362498, 'size': 3.918105820913664, 'count': 64}, 'values': [1, 0, 0, 1, 1, 1, 0, 0, 0, 2, 1, 0, 0, 0, 0, 0, 0, 0, 0, 0, 0, 0, 0, 0, 0, 0, 0, 0, 0, 0, 0, 0, 0, 0, 0, 0, 0, 0, 0, 0, 0, 0, 0, 0, 0, 0, 0, 0, 0, 0, 0, 0, 0, 0, 0, 0, 4, 0, 1, 3, 4, 0, 0, 1]}","{'values': [1, 0, 0, 0, 0, 0, 1, 3, 3, 0, 1, 1, 0, 0, 0, 0, 0, 0, 0, 0, 0, 0, 0, 0, 0, 0, 0, 0, 0, 0, 0, 0, 0, 0, 0, 0, 0, 0, 0, 0, 0, 0, 0, 0, 0, 0, 0, 0, 0, 0, 0, 0, 0, 0, 0, 0, 0, 0, 1, 0, 2, 4, 1, 2], '_type': 'histogram', 'packedBins': {'size': 3.613485786908166, 'count': 64, 'min': 76.33489495903791}}","{'_type': 'histogram', 'packedBins': {'min': 96.1718653058683, 'size': 3.2973161030983795, 'count': 64}, 'values': [2, 2, 0, 4, 0, 0, 0, 0, 0, 0, 0, 0, 0, 0, 0, 0, 0, 0, 0, 0, 0, 0, 0, 0, 0, 0, 0, 0, 0, 0, 0, 0, 0, 0, 0, 0, 0, 0, 0, 0, 0, 0, 0, 0, 0, 0, 0, 0, 0, 0, 0, 0, 0, 0, 0, 0, 1, 0, 0, 0, 3, 1, 3, 4]}","{'packedBins': {'count': 64, 'min': 8, 'size': 1.4375}, 'values': [6, 1, 3, 2, 0, 0, 0, 0, 0, 0, 0, 0, 0, 0, 0, 0, 0, 0, 0, 0, 0, 0, 0, 0, 0, 0, 0, 0, 0, 0, 0, 0, 0, 0, 0, 0, 0, 0, 0, 0, 0, 0, 0, 0, 0, 0, 0, 0, 0, 0, 0, 0, 0, 0, 0, 0, 0, 0, 0, 0, 0, 0, 0, 8], '_type': 'histogram'}","{'_type': 'histogram', 'packedBins': {'size': 1.4375, 'count': 64, 'min': 8}, 'values': [6, 3, 4, 0, 1, 2, 0, 0, 0, 1, 0, 0, 0, 0, 0, 0, 0, 0, 0, 0, 0, 0, 0, 0, 0, 0, 0, 0, 0, 0, 0, 0, 0, 0, 0, 0, 0, 0, 0, 0, 0, 0, 0, 0, 0, 0, 0, 0, 0, 0, 0, 0, 0, 0, 0, 0, 0, 0, 0, 0, 0, 0, 0, 3]}",51.2,227.78050263396912,46.2,219.08948702403396,24.75,221.40435790180464,41.6
26100,276,0.8001189649105072,5247.922730207443,1777587975.9560583,,,,,,,,,,,,,,,,,,,,,,,,,,,,,,,,,,,,
26200,277,0.8011646753549576,5258.02291226387,1777587986.0562403,,,,,,,,,,,,,,,,,,,,,,,,,,,,,,,,,,,,
26300,278,0.7998766750097275,5267.638826131821,1777587995.6721542,,,,,,,,,,,,,,,,,,,,,,,,,,,,,,,,,,,,
26400,279,0.7992106741666793,5278.116956472397,1777588006.1502845,,,,,,,,,,,,,,,,,,,,,,,,,,,,,,,,,,,,
26500,280,0.8003257513046265,5288.241117954254,1777588016.274446,,,,,,,,,,,,,,,,,,,,,,,,,,,,,,,,,,,,
26600,281,0.7993691641092301,5297.974351167679,1777588026.0076792,,,,,,,,,,,,,,,,,,,,,,,,,,,,,,,,,,,,
26700,282,0.8004950153827667,5307.553025007248,1777588035.586353,,,,,,,,,,,,,,,,,,,,,,,,,,,,,,,,,,,,
26800,283,0.8004061114788056,5317.299456834793,1777588045.332785,,,,,,,,,,,,,,,,,,,,,,,,,,,,,,,,,,,,
26900,284,0.8009517496824264,5327.510691642761,1777588055.5440197,,,,,,,,,,,,,,,,,,,,,,,,,,,,,,,,,,,,
27000,285,0.7991651874780655,5338.364308834076,1777588066.397637,,,,,,,,,,,,,,,,,,,,,,,,,,,,,,,,,,,,
27100,286,0.7986089408397674,5349.029086351395,1777588077.0624144,,,,,,,,,,,,,,,,,,,,,,,,,,,,,,,,,,,,
27200,287,0.7997874855995178,5359.067905902863,1777588087.101234,,,,,,,,,,,,,,,,,,,,,,,,,,,,,,,,,,,,
27300,288,0.8004267233610153,5369.2468457221985,1777588097.2801738,,,,,,,,,,,,,,,,,,,,,,,,,,,,,,,,,,,,
27400,289,0.7985486954450607,5379.594135046005,1777588107.627463,,,,,,,,,,,,,,,,,,,,,,,,,,,,,,,,,,,,
27500,290,0.7996911704540253,5389.597003698349,1777588117.6303318,,,,,,,,,,,,,,,,,,,,,,,,,,,,,,,,,,,,
27600,291,0.8000720781087876,5400.89203619957,1777588128.9253643,,,,,,,,,,,,,,,,,,,,,,,,,,,,,,,,,,,,
27700,292,0.7993737530708312,5411.192833185196,1777588139.2261612,,,,,,,,,,,,,,,,,,,,,,,,,,,,,,,,,,,,
27800,293,0.7986785453557969,5421.508910417557,1777588149.5422385,,,,,,,,,,,,,,,,,,,,,,,,,,,,,,,,,,,,
27900,294,0.7988211566209793,5432.028115510941,1777588160.0614436,,,,,,,,,,,,,,,,,,,,,,,,,,,,,,,,,,,,
28000,295,0.7984850758314133,5441.331077814102,1777588169.3644059,,,,,,,,,,,,,,,,,,,,,,,,,,,,,,,,,,,,
28000,296,,5505.027309179306,1777588233.0606372,,,,,,,,,,,,,,,,,,,,,"{'_type': 'histogram', 'packedBins': {'size': 4.293551341351627, 'count': 64, 'min': 80.43590215001936}, 'values': [1, 1, 0, 0, 1, 1, 1, 1, 0, 1, 0, 0, 0, 0, 0, 0, 0, 0, 0, 0, 0, 0, 0, 0, 0, 0, 0, 0, 0, 0, 0, 0, 0, 0, 0, 0, 0, 0, 0, 0, 0, 0, 0, 0, 0, 0, 0, 2, 1, 1, 1, 1, 6, 0, 0, 0, 0, 0, 0, 0, 0, 0, 0, 1]}",253.47702444145824,"{'packedBins': {'min': 8, 'size': 1.4375, 'count': 64}, 'values': [6, 1, 3, 0, 2, 0, 1, 0, 1, 0, 1, 1, 0, 0, 0, 0, 0, 0, 0, 0, 0, 0, 0, 0, 0, 0, 0, 0, 0, 0, 0, 0, 0, 0, 0, 0, 0, 0, 0, 0, 0, 0, 0, 0, 0, 0, 0, 0, 0, 0, 0, 0, 0, 0, 0, 0, 0, 0, 0, 0, 0, 0, 0, 4], '_type': 'histogram'}","{'values': [4, 5, 3, 2, 0, 0, 0, 0, 0, 0, 0, 0, 0, 0, 0, 0, 0, 1, 0, 0, 0, 0, 0, 0, 0, 0, 0, 0, 0, 0, 0, 0, 0, 0, 0, 0, 0, 0, 0, 0, 0, 0, 0, 0, 0, 0, 0, 0, 0, 0, 0, 0, 0, 0, 0, 0, 0, 0, 0, 0, 0, 0, 0, 5], '_type': 'histogram', 'packedBins': {'min': 7, 'size': 1.453125, 'count': 64}}","{'packedBins': {'min': 81.25337738175082, 'size': 3.5451081651595033, 'count': 64}, 'values': [1, 1, 0, 0, 0, 0, 3, 1, 0, 0, 0, 0, 1, 0, 0, 0, 0, 0, 0, 0, 0, 0, 0, 0, 0, 0, 0, 0, 0, 0, 0, 0, 0, 0, 0, 0, 0, 0, 0, 0, 0, 0, 0, 0, 0, 0, 0, 0, 0, 0, 0, 0, 0, 0, 0, 0, 0, 1, 0, 0, 4, 3, 2, 3], '_type': 'histogram'}","{'_type': 'histogram', 'packedBins': {'min': 62.902867724821505, 'size': 4.109707103038165, 'count': 64}, 'values': [1, 0, 0, 0, 0, 1, 0, 0, 0, 0, 2, 0, 0, 0, 0, 1, 0, 0, 0, 0, 0, 0, 0, 0, 0, 0, 0, 0, 0, 0, 0, 0, 0, 0, 0, 0, 0, 0, 0, 0, 0, 0, 0, 0, 0, 0, 0, 0, 0, 0, 0, 0, 0, 0, 1, 0, 0, 0, 7, 5, 1, 0, 0, 1]}","{'_type': 'histogram', 'packedBins': {'min': 94.5547043328761, 'size': 3.324569188172932, 'count': 64}, 'values': [3, 1, 1, 1, 1, 0, 0, 0, 0, 0, 0, 0, 0, 0, 0, 0, 0, 0, 0, 0, 0, 0, 0, 0, 0, 0, 0, 0, 0, 0, 0, 0, 0, 0, 0, 0, 0, 0, 0, 0, 0, 0, 0, 0, 0, 0, 0, 0, 0, 0, 0, 0, 0, 0, 0, 0, 0, 1, 1, 0, 1, 2, 2, 6]}","{'_type': 'histogram', 'packedBins': {'min': 8, 'size': 1.4375, 'count': 64}, 'values': [5, 3, 2, 0, 4, 0, 0, 0, 0, 0, 0, 0, 0, 0, 0, 0, 0, 0, 0, 0, 0, 0, 0, 0, 0, 0, 0, 0, 0, 0, 0, 0, 0, 0, 0, 0, 0, 0, 0, 0, 0, 0, 0, 0, 0, 0, 0, 0, 0, 0, 0, 0, 0, 0, 0, 0, 0, 0, 0, 0, 0, 0, 0, 6]}","{'_type': 'histogram', 'packedBins': {'size': 1.4375, 'count': 64, 'min': 8}, 'values': [7, 4, 2, 1, 1, 0, 0, 0, 0, 0, 0, 0, 0, 0, 0, 0, 0, 0, 0, 0, 0, 0, 0, 0, 0, 0, 0, 0, 0, 0, 0, 0, 0, 0, 0, 0, 0, 0, 0, 0, 0, 0, 0, 0, 0, 0, 0, 0, 0, 0, 0, 0, 0, 0, 0, 0, 0, 0, 0, 0, 0, 0, 0, 5]}",30.5,230.43334305704394,37.8,232.8425528511728,32.65,230.74172905171517,33.05
28100,297,0.7989791035652161,5514.563061475754,1777588242.5963895,,,,,,,,,,,,,,,,,,,,,,,,,,,,,,,,,,,,
28200,298,0.7980625116825104,5525.591640472412,1777588253.6249685,,,,,,,,,,,,,,,,,,,,,,,,,,,,,,,,,,,,
28300,299,0.798767751455307,5536.410988330841,1777588264.4443164,,,,,,,,,,,,,,,,,,,,,,,,,,,,,,,,,,,,
28400,300,0.7995161151885987,5546.751386880875,1777588274.784715,,,,,,,,,,,,,,,,,,,,,,,,,,,,,,,,,,,,
28500,301,0.7973679459095001,5558.101168632507,1777588286.1344967,,,,,,,,,,,,,,,,,,,,,,,,,,,,,,,,,,,,
28600,302,0.7986553847789765,5570.111973524094,1777588298.1453016,,,,,,,,,,,,,,,,,,,,,,,,,,,,,,,,,,,,
28700,303,0.7982563018798828,5580.688975095749,1777588308.7223032,,,,,,,,,,,,,,,,,,,,,,,,,,,,,,,,,,,,
28800,304,0.7981532156467438,5591.360100984573,1777588319.393429,,,,,,,,,,,,,,,,,,,,,,,,,,,,,,,,,,,,
28900,305,0.7974583029747009,5602.006387472153,1777588330.0397155,,,,,,,,,,,,,,,,,,,,,,,,,,,,,,,,,,,,
29000,306,0.7984937626123428,5612.2192277908325,1777588340.2525558,,,,,,,,,,,,,,,,,,,,,,,,,,,,,,,,,,,,
29100,307,0.7969533973932266,5622.160836219788,1777588350.1941643,,,,,,,,,,,,,,,,,,,,,,,,,,,,,,,,,,,,
29200,308,0.7963618659973144,5632.65302324295,1777588360.6863513,,,,,,,,,,,,,,,,,,,,,,,,,,,,,,,,,,,,
29300,309,0.7977781730890274,5643.556182861328,1777588371.589511,,,,,,,,,,,,,,,,,,,,,,,,,,,,,,,,,,,,
29400,310,0.7962399727106094,5654.2592232227325,1777588382.2925513,,,,,,,,,,,,,,,,,,,,,,,,,,,,,,,,,,,,
29500,311,0.7974988347291947,5663.8021512031555,1777588391.8354793,,,,,,,,,,,,,,,,,,,,,,,,,,,,,,,,,,,,
29600,312,0.7969650739431381,5674.545649766922,1777588402.5789778,,,,,,,,,,,,,,,,,,,,,,,,,,,,,,,,,,,,
29700,313,0.7985811293125152,5685.156932830811,1777588413.190261,,,,,,,,,,,,,,,,,,,,,,,,,,,,,,,,,,,,
29800,314,0.7982314836978912,5695.3578045368195,1777588423.3911326,,,,,,,,,,,,,,,,,,,,,,,,,,,,,,,,,,,,
29900,315,0.7973038792610169,5707.736593008041,1777588435.769921,,,,,,,,,,,,,,,,,,,,,,,,,,,,,,,,,,,,
